{
  "train_loss": [
    0.5233331706661445,
    0.44969675833216083,
    0.4167867013468192,
    0.3869170277642134,
    0.3706358936734689,
    0.36508600203654706,
    0.34978188154024953,
    0.33759039411178005,
    0.3424313095613168,
    0.32498173558941257,
    0.32117978220757765,
    0.31919288902710646,
    0.325740879544845,
    0.3075066998314399,
    0.30053190540713376,
    0.29347807813722354,
    0.29310785764111924,
    0.292646356834433,
    0.27678657089097375,
    0.2809128115574519,
    0.2792808686693509,
    0.2762423499654501,
    0.27106308851104516,
    0.26825659445081,
    0.27375283579413706,
    0.25692779148140776,
    0.2562734832127507,
    0.26247727918701297,
    0.25520462815005046,
    0.24541408551904637,
    0.2411306750220366,
    0.2509599636093928,
    0.23948361514470515,
    0.21921107915636057,
    0.21974829187951025,
    0.20805212093564945,
    0.2152797855818883,
    0.21407470173942736,
    0.21146582874159017,
    0.1917683847535115,
    0.19179977757187608,
    0.1914565130853309,
    0.18239560931061322,
    0.1864969240477643,
    0.1834384474951105,
    0.17778512716102293
  ],
  "train_acc": [
    0.7445913461538461,
    0.7880608974358975,
    0.8026842948717948,
    0.8104967948717948,
    0.8197115384615384,
    0.8229166666666666,
    0.8285256410256411,
    0.8313301282051282,
    0.8401442307692307,
    0.8423477564102564,
    0.8473557692307693,
    0.8509615384615384,
    0.8471554487179487,
    0.8607772435897436,
    0.8641826923076923,
    0.8633814102564102,
    0.8657852564102564,
    0.8647836538461539,
    0.8667868589743589,
    0.8723958333333334,
    0.8766025641025641,
    0.8739983974358975,
    0.8699919871794872,
    0.8766025641025641,
    0.8733974358974359,
    0.8818108974358975,
    0.8878205128205128,
    0.8822115384615384,
    0.8846153846153846,
    0.8910256410256411,
    0.8894230769230769,
    0.8818108974358975,
    0.8904246794871795,
    0.9022435897435898,
    0.9056490384615384,
    0.9112580128205128,
    0.9102564102564102,
    0.9034455128205128,
    0.9034455128205128,
    0.9182692307692307,
    0.9136618589743589,
    0.9214743589743589,
    0.9190705128205128,
    0.9166666666666666,
    0.9216746794871795,
    0.922676282051282
  ],
  "val_loss": [
    0.42334951545510974,
    0.410044744185039,
    0.3795540047543389,
    0.3820598270211901,
    0.35985394035066876,
    0.35476732552051543,
    0.4071703749043601,
    0.36665843725204467,
    0.3926555233342307,
    0.35625161400863103,
    0.33298412689140866,
    0.33834157926695685,
    0.32356704154184884,
    0.3162199888910566,
    0.3369583513055529,
    0.3440276935696602,
    0.3517932766250202,
    0.30455482665981565,
    0.29524101082767756,
    0.3562354821179594,
    0.30350942760705946,
    0.31216020562819075,
    0.2927419492176601,
    0.31535413776125226,
    0.29361547721283776,
    0.3111551435930388,
    0.28272756529705867,
    0.3298710223819528,
    0.3030978664755821,
    0.3046588296336787,
    0.38626744129828045,
    0.2948056536061423,
    0.319415571647031,
    0.29771337168557305,
    0.2928944977266448,
    0.2841548546084336,
    0.30659340800983564,
    0.3041751017527921,
    0.3143371528812817,
    0.30668708213738033,
    0.31800055344189915,
    0.30031758312668116,
    0.30259221004588266,
    0.30666269585490225,
    0.30232655682734083,
    0.31276407795292993
  ],
  "val_acc": [
    0.8182640144665461,
    0.8119349005424955,
    0.8218806509945751,
    0.8327305605786618,
    0.8173598553345389,
    0.8309222423146474,
    0.8535262206148282,
    0.8508137432188065,
    0.8435804701627486,
    0.8092224231464737,
    0.825497287522604,
    0.8327305605786618,
    0.8481012658227848,
    0.8426763110307414,
    0.8155515370705244,
    0.8426763110307414,
    0.8462929475587704,
    0.8688969258589512,
    0.8598553345388789,
    0.8535262206148282,
    0.8462929475587704,
    0.8462929475587704,
    0.8625678119349005,
    0.8517179023508138,
    0.8634719710669078,
    0.8553345388788427,
    0.8499095840867993,
    0.8860759493670886,
    0.8734177215189873,
    0.8698010849909584,
    0.8670886075949367,
    0.8661844484629295,
    0.8716094032549728,
    0.8625678119349005,
    0.8752260397830018,
    0.8824593128390597,
    0.8553345388788427,
    0.8743218806509946,
    0.8770343580470162,
    0.8670886075949367,
    0.879746835443038,
    0.8806509945750453,
    0.8824593128390597,
    0.8806509945750453,
    0.8842676311030742,
    0.8788426763110307
  ],
  "val_precision": [
    0.7960954446854663,
    0.7703252032520326,
    0.7678916827852998,
    0.8247191011235955,
    0.7402826855123675,
    0.7652495378927912,
    0.8421052631578947,
    0.844097995545657,
    0.8065173116089613,
    0.7104,
    0.7361344537815127,
    0.740432612312812,
    0.7931034482758621,
    0.7777777777777778,
    0.7242524916943521,
    0.7862595419847328,
    0.7714285714285715,
    0.8283433133732535,
    0.8329853862212944,
    0.8263598326359832,
    0.7666666666666667,
    0.7685512367491166,
    0.8049242424242424,
    0.7700348432055749,
    0.8262626262626263,
    0.7907407407407407,
    0.7655172413793103,
    0.9009216589861752,
    0.8538135593220338,
    0.8409090909090909,
    0.9057071960297767,
    0.826,
    0.8373983739837398,
    0.8037735849056604,
    0.840080971659919,
    0.8495934959349594,
    0.7793594306049823,
    0.8265107212475633,
    0.8595744680851064,
    0.805607476635514,
    0.8515463917525773,
    0.85625,
    0.8598326359832636,
    0.8433734939759037,
    0.8589211618257261,
    0.8413654618473896
  ],
  "val_recall": [
    0.7742616033755274,
    0.79957805907173,
    0.8375527426160337,
    0.7742616033755274,
    0.8839662447257384,
    0.8734177215189873,
    0.810126582278481,
    0.79957805907173,
    0.8354430379746836,
    0.9367088607594937,
    0.9240506329113924,
    0.9388185654008439,
    0.8734177215189873,
    0.8860759493670886,
    0.919831223628692,
    0.869198312236287,
    0.9113924050632911,
    0.8755274261603375,
    0.8417721518987342,
    0.8333333333333334,
    0.9219409282700421,
    0.9177215189873418,
    0.8966244725738397,
    0.9324894514767933,
    0.8628691983122363,
    0.9008438818565401,
    0.9367088607594937,
    0.8248945147679325,
    0.8502109704641351,
    0.8586497890295358,
    0.770042194092827,
    0.8713080168776371,
    0.869198312236287,
    0.8987341772151899,
    0.8755274261603375,
    0.8818565400843882,
    0.9240506329113924,
    0.8945147679324894,
    0.8523206751054853,
    0.9092827004219409,
    0.8713080168776371,
    0.8670886075949367,
    0.8670886075949367,
    0.8860759493670886,
    0.8734177215189873,
    0.8839662447257384
  ],
  "val_f1": [
    0.7850267379679144,
    0.7846790890269151,
    0.8012108980827447,
    0.7986942328618063,
    0.8057692307692308,
    0.8157635467980295,
    0.8258064516129032,
    0.8212351029252438,
    0.8207253886010363,
    0.8080072793448589,
    0.8194574368568756,
    0.827906976744186,
    0.8313253012048193,
    0.8284023668639053,
    0.8104089219330854,
    0.8256513026052105,
    0.8355899419729207,
    0.8512820512820513,
    0.8373557187827911,
    0.8298319327731093,
    0.8371647509578544,
    0.8365384615384616,
    0.8483033932135728,
    0.8435114503816794,
    0.8441692466460269,
    0.8422090729783037,
    0.8425047438330171,
    0.8612334801762115,
    0.8520084566596194,
    0.8496868475991649,
    0.8323831242873432,
    0.8480492813141683,
    0.8530020703933747,
    0.848605577689243,
    0.8574380165289256,
    0.865424430641822,
    0.8455598455598455,
    0.8591691995947315,
    0.8559322033898306,
    0.8543111992071358,
    0.8613138686131386,
    0.8616352201257862,
    0.8634453781512605,
    0.8641975308641975,
    0.8661087866108786,
    0.8621399176954733
  ]
}