{
  "train_loss": [
    0.5271253905808314,
    0.4580252766609192,
    0.42358806662452525,
    0.3717987215480743,
    0.3535737060010433,
    0.3297591319259925,
    0.328449049534706,
    0.30671932127995366,
    0.29190633054345083,
    0.31248920272367126,
    0.2916725766486846,
    0.306342053728608,
    0.32212048043043184,
    0.2879558236648639,
    0.26982052920338434,
    0.278834142555029,
    0.2511716638572323,
    0.24915586803586054,
    0.24399690210628203,
    0.24816921446472406,
    0.23906843168422198,
    0.2330609331958187,
    0.22604227479165181,
    0.22495577739885983,
    0.2149933530495335,
    0.21177624915845883,
    0.20518033588543916,
    0.20310899920952627,
    0.19606059269072154,
    0.18811046141080368,
    0.18584333897496647,
    0.1780398402315302,
    0.15670525323217496,
    0.14551352144768223,
    0.1543688039856557,
    0.142160214507618,
    0.14086446134994426,
    0.12736421725593317,
    0.11460167004201466,
    0.11070043199624006,
    0.10523586449786447,
    0.10537750689456096,
    0.09863463370129466,
    0.08272253787398744,
    0.08383627982141498,
    0.07797863171585143,
    0.07893601227223347,
    0.07998425752306595,
    0.07841731886564492,
    0.0735889029650328
  ],
  "train_acc": [
    0.7443910256410257,
    0.7892628205128205,
    0.8036858974358975,
    0.828125,
    0.836738782051282,
    0.8489583333333334,
    0.8471554487179487,
    0.8637820512820513,
    0.8766025641025641,
    0.8643830128205128,
    0.8717948717948718,
    0.8617788461538461,
    0.8529647435897436,
    0.8743990384615384,
    0.8802083333333334,
    0.8719951923076923,
    0.8890224358974359,
    0.890625,
    0.8956330128205128,
    0.8880208333333334,
    0.8974358974358975,
    0.9010416666666666,
    0.9026442307692307,
    0.9002403846153846,
    0.90625,
    0.9100560897435898,
    0.9082532051282052,
    0.913261217948718,
    0.9166666666666666,
    0.9230769230769231,
    0.9178685897435898,
    0.9212740384615384,
    0.9348958333333334,
    0.9360977564102564,
    0.9358974358974359,
    0.9409054487179487,
    0.9393028846153846,
    0.9447115384615384,
    0.9549278846153846,
    0.9553285256410257,
    0.9557291666666666,
    0.9573317307692307,
    0.9579326923076923,
    0.9645432692307693,
    0.9661458333333334,
    0.9675480769230769,
    0.96875,
    0.9665464743589743,
    0.9675480769230769,
    0.969551282051282
  ],
  "val_loss": [
    0.46943805473191397,
    0.4857145002910069,
    0.37006795193467823,
    0.3602782526186534,
    0.34136527393545424,
    0.34098391703196934,
    0.32732944637537004,
    0.30799746130193983,
    0.3309854673487799,
    0.30718243782009397,
    0.31778061645371575,
    0.40502148696354456,
    0.3227635266525405,
    0.3197928733059338,
    0.2789494431444577,
    0.29164808158363614,
    0.2949528943215098,
    0.27631363591977526,
    0.2735788113304547,
    0.30168606617621013,
    0.29043531375271936,
    0.28622700891324454,
    0.2715254445161138,
    0.2684109987957137,
    0.2533753111958504,
    0.2606247593249593,
    0.2631900342447417,
    0.2742267708693232,
    0.2835219151207379,
    0.281045668891498,
    0.32224567532539367,
    0.2761637684489999,
    0.2682781647358622,
    0.30953130700758524,
    0.27754141496760504,
    0.2738991349935532,
    0.2621500797569752,
    0.2876724553427526,
    0.2916214937610286,
    0.28811209835112095,
    0.3197668109089136,
    0.3080561283443655,
    0.3359140481799841,
    0.3468868672315564,
    0.3413438304194382,
    0.3494165582848447,
    0.36014402710965704,
    0.35787124399627956,
    0.3701778602653316,
    0.37740376237779855
  ],
  "val_acc": [
    0.8065099457504521,
    0.7631103074141049,
    0.8209764918625678,
    0.840867992766727,
    0.8526220614828209,
    0.8453887884267631,
    0.8607594936708861,
    0.8815551537070524,
    0.85623869801085,
    0.8698010849909584,
    0.8471971066907775,
    0.7965641952983725,
    0.8607594936708861,
    0.8553345388788427,
    0.8779385171790235,
    0.8725135623869801,
    0.8679927667269439,
    0.8806509945750453,
    0.8860759493670886,
    0.864376130198915,
    0.8788426763110307,
    0.8770343580470162,
    0.8842676311030742,
    0.8887884267631103,
    0.8887884267631103,
    0.8924050632911392,
    0.8887884267631103,
    0.8806509945750453,
    0.8860759493670886,
    0.895117540687161,
    0.8752260397830018,
    0.8896925858951176,
    0.891500904159132,
    0.8851717902350814,
    0.8905967450271248,
    0.8896925858951176,
    0.8969258589511754,
    0.8887884267631103,
    0.8878842676311031,
    0.8969258589511754,
    0.8905967450271248,
    0.8887884267631103,
    0.8851717902350814,
    0.8942133815551537,
    0.8960216998191681,
    0.8969258589511754,
    0.8842676311030742,
    0.891500904159132,
    0.891500904159132,
    0.8924050632911392
  ],
  "val_f1": [
    0.7784679089026915,
    0.6525198938992043,
    0.7804878048780488,
    0.8044444444444444,
    0.8226332970620239,
    0.8118811881188119,
    0.8418891170431212,
    0.8565169769989047,
    0.8269858541893362,
    0.8431372549019608,
    0.8291203235591507,
    0.7883349012229539,
    0.8418891170431212,
    0.8253275109170306,
    0.85310119695321,
    0.8488745980707395,
    0.8491735537190083,
    0.8526785714285714,
    0.8636363636363636,
    0.8427672955974843,
    0.8559139784946237,
    0.8528138528138528,
    0.8661087866108786,
    0.8661588683351469,
    0.8703898840885143,
    0.8716289104638619,
    0.8673139158576052,
    0.8616352201257862,
    0.8648068669527897,
    0.8702460850111857,
    0.8559498956158664,
    0.8737060041407867,
    0.8734177215189873,
    0.8681204569055037,
    0.871413390010627,
    0.8713080168776371,
    0.8768898488120951,
    0.8703898840885143,
    0.8702928870292888,
    0.8789808917197452,
    0.8748707342295761,
    0.8730650154798761,
    0.8681204569055037,
    0.8761904761904762,
    0.8808290155440415,
    0.88125,
    0.8683127572016461,
    0.8755186721991701,
    0.8734177215189873,
    0.8761706555671176
  ]
}