{
  "train_loss": [
    0.5198827787087514,
    0.45683481783056873,
    0.42287613002535623,
    0.39089654276195246,
    0.37571433750100625,
    0.3617164400907663,
    0.3465050059633377,
    0.32754493304170096,
    0.33145182226330805,
    0.3137933339159458,
    0.3156322505420599,
    0.3047495482919308,
    0.30002771981824666,
    0.29937214764933556,
    0.2930668940624365,
    0.2836714135721708,
    0.28607243036803526,
    0.2640431405355533,
    0.2490021069892324,
    0.25853405895236975,
    0.24479654596115535,
    0.23892316365471253,
    0.23756933828385976,
    0.24589074395883542,
    0.23137398571587908,
    0.23608725322171664,
    0.23210720947155586,
    0.22642534118718827,
    0.22409693593493638,
    0.226407595575811,
    0.2223465308929101,
    0.22477829391853169,
    0.2238123653552089,
    0.2149060382388341,
    0.21635627517333397,
    0.21349206485618383,
    0.19615971399709964,
    0.1873032512764136,
    0.18579161072221512,
    0.18213705563296875,
    0.17866236744567943,
    0.17814467316015792,
    0.17016431876720908,
    0.16189325474298152,
    0.1581067274658917,
    0.16135698492423847,
    0.16067030450376946,
    0.1538516854007657,
    0.15138066521821877,
    0.15063874216941306,
    0.14535707499211034,
    0.14579287060321525
  ],
  "train_acc": [
    0.7526041666666666,
    0.7868589743589743,
    0.7998798076923077,
    0.8181089743589743,
    0.8263221153846154,
    0.8307291666666666,
    0.8387419871794872,
    0.8435496794871795,
    0.8515625,
    0.8623798076923077,
    0.8599759615384616,
    0.8699919871794872,
    0.8739983974358975,
    0.8683894230769231,
    0.8715945512820513,
    0.8747996794871795,
    0.8806089743589743,
    0.8854166666666666,
    0.8924278846153846,
    0.8874198717948718,
    0.8912259615384616,
    0.8942307692307693,
    0.8982371794871795,
    0.8938301282051282,
    0.8974358974358975,
    0.9008413461538461,
    0.9022435897435898,
    0.9016426282051282,
    0.9056490384615384,
    0.9014423076923077,
    0.9086538461538461,
    0.9060496794871795,
    0.9060496794871795,
    0.9072516025641025,
    0.9088541666666666,
    0.9066506410256411,
    0.9172676282051282,
    0.9202724358974359,
    0.9232772435897436,
    0.9220753205128205,
    0.921875,
    0.9276842948717948,
    0.9302884615384616,
    0.9292868589743589,
    0.9342948717948718,
    0.9316907051282052,
    0.9294871794871795,
    0.9377003205128205,
    0.9375,
    0.9393028846153846,
    0.9389022435897436,
    0.9399038461538461
  ],
  "val_loss": [
    0.4715771364314216,
    0.4913532806294305,
    0.3958135225943157,
    0.38563329407147,
    0.3670988074370793,
    0.4095279599939074,
    0.35684043658631187,
    0.36552303603717257,
    0.3463962082351957,
    0.3493240820510047,
    0.31718230417796545,
    0.33144388028553556,
    0.34131243750452994,
    0.31724902859755927,
    0.3195487954786846,
    0.37384457205023086,
    0.34988336573754036,
    0.3051111941891057,
    0.2966044598392078,
    0.30106825807264875,
    0.30430714849914825,
    0.3030693603413446,
    0.36589186250099115,
    0.2982375191790717,
    0.2929305968540055,
    0.2978728872324739,
    0.3040751310331481,
    0.30090323707887107,
    0.3184778408280441,
    0.28669503246034894,
    0.3041992934686797,
    0.30178446152380534,
    0.33222440374749046,
    0.3447109950440271,
    0.329935021592038,
    0.3084837797497,
    0.30424019864627294,
    0.2983602886753423,
    0.2966948979667255,
    0.326927982802902,
    0.29728885388800075,
    0.32835425127829826,
    0.30856091507843564,
    0.3234827410429716,
    0.34635864427047114,
    0.3282238623925618,
    0.34493153632751533,
    0.35377021384026325,
    0.34775554686784743,
    0.3501964909157583,
    0.3592834185808897,
    0.36345825488013883
  ],
  "val_acc": [
    0.7974683544303798,
    0.8047016274864376,
    0.8309222423146474,
    0.825497287522604,
    0.8092224231464737,
    0.7766726943942134,
    0.849005424954792,
    0.8535262206148282,
    0.8345388788426763,
    0.8598553345388789,
    0.8734177215189873,
    0.8589511754068716,
    0.8616636528028933,
    0.8734177215189873,
    0.8661844484629295,
    0.8453887884267631,
    0.8589511754068716,
    0.8761301989150091,
    0.8743218806509946,
    0.8589511754068716,
    0.8752260397830018,
    0.8779385171790235,
    0.8688969258589512,
    0.8752260397830018,
    0.8761301989150091,
    0.8716094032549728,
    0.8661844484629295,
    0.8698010849909584,
    0.8670886075949367,
    0.8842676311030742,
    0.879746835443038,
    0.8725135623869801,
    0.864376130198915,
    0.8652802893309223,
    0.864376130198915,
    0.8652802893309223,
    0.8815551537070524,
    0.8761301989150091,
    0.8770343580470162,
    0.8652802893309223,
    0.8725135623869801,
    0.8824593128390597,
    0.8716094032549728,
    0.8743218806509946,
    0.8743218806509946,
    0.8734177215189873,
    0.8761301989150091,
    0.8761301989150091,
    0.8743218806509946,
    0.8743218806509946,
    0.8707052441229657,
    0.8734177215189873
  ],
  "val_precision": [
    0.8255208333333334,
    0.8394736842105263,
    0.8181818181818182,
    0.833729216152019,
    0.7217537942664418,
    0.6913996627318718,
    0.8218029350104822,
    0.8466666666666667,
    0.7612208258527827,
    0.8400852878464818,
    0.8678414096916299,
    0.8298755186721992,
    0.8496732026143791,
    0.8523206751054853,
    0.8468085106382979,
    0.793036750483559,
    0.836864406779661,
    0.88558352402746,
    0.845360824742268,
    0.7933579335793358,
    0.8668122270742358,
    0.8568421052631578,
    0.8663697104677061,
    0.8574468085106383,
    0.8639308855291576,
    0.8333333333333334,
    0.8395833333333333,
    0.8381147540983607,
    0.8577680525164114,
    0.8967889908256881,
    0.8883826879271071,
    0.8245614035087719,
    0.81640625,
    0.8635346756152126,
    0.8201581027667985,
    0.8230616302186878,
    0.8565488565488566,
    0.8623655913978494,
    0.8520833333333333,
    0.8336755646817249,
    0.8643326039387309,
    0.8788546255506607,
    0.8593073593073594,
    0.8526315789473684,
    0.8467908902691511,
    0.8538135593220338,
    0.8719646799116998,
    0.8562367864693446,
    0.8602150537634409,
    0.8665207877461707,
    0.8559139784946237,
    0.8614718614718615
  ],
  "val_recall": [
    0.6687763713080169,
    0.6729957805907173,
    0.7784810126582279,
    0.740506329113924,
    0.9029535864978903,
    0.8649789029535865,
    0.8270042194092827,
    0.8037974683544303,
    0.8945147679324894,
    0.8312236286919831,
    0.8312236286919831,
    0.8438818565400844,
    0.8227848101265823,
    0.8523206751054853,
    0.8396624472573839,
    0.8649789029535865,
    0.8333333333333334,
    0.8164556962025317,
    0.8649789029535865,
    0.9071729957805907,
    0.8375527426160337,
    0.8586497890295358,
    0.820675105485232,
    0.8502109704641351,
    0.8438818565400844,
    0.8755274261603375,
    0.8502109704641351,
    0.8628691983122363,
    0.8270042194092827,
    0.8248945147679325,
    0.8227848101265823,
    0.8924050632911392,
    0.8818565400843882,
    0.8143459915611815,
    0.8755274261603375,
    0.8734177215189873,
    0.869198312236287,
    0.8459915611814346,
    0.8628691983122363,
    0.8565400843881856,
    0.8333333333333334,
    0.8417721518987342,
    0.8375527426160337,
    0.8544303797468354,
    0.8628691983122363,
    0.8502109704641351,
    0.8333333333333334,
    0.8544303797468354,
    0.8438818565400844,
    0.8354430379746836,
    0.8396624472573839,
    0.8396624472573839
  ],