{
  "train_loss": [
    0.5289058664288276,
    0.461918990390423,
    0.4345084174703329,
    0.39653292298316956,
    0.3791048564016819,
    0.3612163630433572,
    0.34904670423995227,
    0.3442325170796651,
    0.3275304165406105,
    0.3257695614145352,
    0.3153550957257931,
    0.31486993330793506,
    0.30757809076935816,
    0.29800625804525155,
    0.29512492280740005,
    0.2885010140733077,
    0.28671892799246007,
    0.28663665123092824,
    0.2867871577827594,
    0.25172759265376204,
    0.24981619962132895,
    0.25072050963838893,
    0.24589694630450162,
    0.2451187950821641,
    0.23942591696500015,
    0.23897315627441573,
    0.2378913548607857,
    0.21911259848051345,
    0.22012923777294466,
    0.21727211226542026,
    0.21292141526459885,
    0.21103838129112354,
    0.21530071662691158,
    0.2142311503442052,
    0.2053538735669393,
    0.20634941465388507,
    0.1974155047836785,
    0.1942898771033073,
    0.1884487139968536,
    0.18866478372365236,
    0.18643777151233876
  ],
  "train_acc": [
    0.7536057692307693,
    0.7880608974358975,
    0.8048878205128205,
    0.8153044871794872,
    0.8227163461538461,
    0.8263221153846154,
    0.8365384615384616,
    0.8463541666666666,
    0.8545673076923077,
    0.8479567307692307,
    0.8561698717948718,
    0.8581730769230769,
    0.8657852564102564,
    0.8675881410256411,
    0.8655849358974359,
    0.8721955128205128,
    0.8697916666666666,
    0.8774038461538461,
    0.8770032051282052,
    0.8912259615384616,
    0.8966346153846154,
    0.8918269230769231,
    0.8936298076923077,
    0.8970352564102564,
    0.9002403846153846,
    0.8990384615384616,
    0.8998397435897436,
    0.9072516025641025,
    0.9048477564102564,
    0.9086538461538461,
    0.9108573717948718,
    0.9120592948717948,
    0.9114583333333334,
    0.9074519230769231,
    0.9122596153846154,
    0.9170673076923077,
    0.921073717948718,
    0.9176682692307693,
    0.9246794871794872,
    0.9232772435897436,
    0.9252804487179487
  ],
  "val_loss": [
    0.5036434301308224,
    0.4442609152623585,
    0.48054742429937636,
    0.40781565436295103,
    0.3725223375218255,
    0.380228328704834,
    0.42124350177390235,
    0.3870918112141745,
    0.3513774573802948,
    0.3500699762787138,
    0.3360107102564403,
    0.3172325142792293,
    0.3029579092349325,
    0.3248279196875436,
    0.33220180571079255,
    0.3532358433519091,
    0.31037678335394175,
    0.37952232850449424,
    0.3062670124428613,
    0.31814350996698654,
    0.29334087605987275,
    0.29889644171510427,
    0.3062949789421899,
    0.34151489351476944,
    0.2934208876320294,
    0.3033469659941537,
    0.31257072516850065,
    0.2891038370983941,
    0.30075235962867736,
    0.28894590181963786,
    0.2917179301381111,
    0.294485590500491,
    0.2926081146512713,
    0.2959770468728883,
    0.3126082663025175,
    0.3260497069784573,
    0.28486693831426757,
    0.29103191792964933,
    0.2977516408477511,
    0.28789714255503246,
    0.2971383658902986
  ],
  "val_acc": [
    0.7603978300180831,
    0.8065099457504521,
    0.8083182640144665,
    0.7721518987341772,
    0.8264014466546112,
    0.8092224231464737,
    0.849005424954792,
    0.8264014466546112,
    0.8399638336347197,
    0.8481012658227848,
    0.8670886075949367,
    0.849005424954792,
    0.8688969258589512,
    0.8698010849909584,
    0.8616636528028933,
    0.8444846292947559,
    0.8698010849909584,
    0.8652802893309223,
    0.8553345388788427,
    0.8598553345388789,
    0.8842676311030742,
    0.8616636528028933,
    0.8580470162748643,
    0.8716094032549728,
    0.8743218806509946,
    0.8788426763110307,
    0.8743218806509946,
    0.8806509945750453,
    0.8698010849909584,
    0.8725135623869801,
    0.8905967450271248,
    0.8896925858951176,
    0.8824593128390597,
    0.8842676311030742,
    0.8625678119349005,
    0.8688969258589512,
    0.8869801084990958,
    0.8833634719710669,
    0.8887884267631103,
    0.8842676311030742,
    0.8878842676311031
  ],
  "val_precision": [
    0.6811091854419411,
    0.8186274509803921,
    0.848404255319149,
    0.6692073170731707,
    0.7722007722007722,
    0.7232597623089984,
    0.8418708240534521,
    0.7620817843866171,
    0.7817836812144212,
    0.8297413793103449,
    0.8609271523178808,
    0.7912713472485768,
    0.8647450110864745,
    0.875,
    0.8165680473372781,
    0.7765567765567766,
    0.8340080971659919,
    0.8479657387580299,
    0.7940074906367042,
    0.8209255533199196,
    0.8649789029535865,
    0.8268839103869654,
    0.8030592734225621,
    0.8878504672897196,
    0.8556263269639066,
    0.8601694915254238,
    0.8467908902691511,
    0.8577405857740585,
    0.8313253012048193,
    0.8377281947261663,
    0.8731501057082452,
    0.8776824034334764,
    0.8839285714285714,
    0.8649789029535865,
    0.8003731343283582,
    0.8257425742574257,
    0.875268817204301,
    0.8616352201257862,
    0.8806941431670282,
    0.8502024291497976,
    0.869198312236287
  ],
  "val_recall": [
    0.8291139240506329,
    0.7046413502109705,
    0.6729957805907173,
    0.9261603375527426,
    0.8438818565400844,
    0.8987341772151899,
    0.7974683544303798,
    0.8649789029535865,
    0.869198312236287,
    0.8122362869198312,
    0.8227848101265823,
    0.879746835443038,
    0.8227848101265823,
    0.8122362869198312,
    0.8734177215189873,
    0.8945147679324894,
    0.869198312236287,
    0.8354430379746836,
    0.8945147679324894,
    0.8607594936708861,
    0.8649789029535865,
    0.8565400843881856,
    0.8860759493670886,
    0.8016877637130801,
    0.8502109704641351,
    0.8565400843881856,
    0.8628691983122363,
    0.8649789029535865,
    0.8734177215189873,
    0.8713080168776371,
    0.8713080168776371,
    0.8628691983122363,
    0.8354430379746836,
    0.8649789029535865,
    0.9050632911392406,
    0.879746835443038,
    0.8586497890295358,
    0.8670886075949367,
    0.8565400843881856,
    0.8860759493670886,
    0.869198312236287
  ],
  "val_f1": [
    0.7478591817316841,
    0.7573696145124716,
    0.7505882352941177,
    0.7769911504424779,
    0.8064516129032258,
    0.8015051740357478,
    0.819068255687974,
    0.8102766798418972,
    0.8231768231768232,
    0.8208955223880597,
    0.8414239482200647,
    0.8331668331668332,
    0.8432432432432433,
    0.8424507658643327,
    0.8440366972477065,
    0.8313725490196079,
    0.8512396694214877,
    0.8416578108395324,
    0.8412698412698413,
    0.8403707518022657,
    0.8649789029535865,
    0.8414507772020725,
    0.8425275827482447,
    0.8425720620842572,
    0.852910052910053,
    0.8583509513742071,
    0.8547544409613375,
    0.8613445378151261,
    0.8518518518518519,
    0.8541882109617374,
    0.8722280887011615,
    0.8702127659574468,
    0.8590021691973969,
    0.8649789029535865,
    0.8495049504950495,
    0.8518896833503575,
    0.8668796592119276,
    0.8643533123028391,
    0.8684491978609625,
    0.8677685950413223,
    0.869198312236287
  ]
}