{
  "train_loss": [
    0.5258236735677108,
    0.45770871486419284,
    0.4202287540030785,
    0.39866255472103757,
    0.37628651486757475,
    0.3531709097039241,
    0.34056501166942793,
    0.3216027170419693,
    0.303432559976593,
    0.30152729540490186,
    0.28690533129832685,
    0.2945171678199982,
    0.2918077713499467,
    0.27910698272096807,
    0.2716525178402662,
    0.2579181746412546,
    0.25800497920658344,
    0.2626618022242418,
    0.24695321277548105,
    0.2661635172195159,
    0.24334453029605824,
    0.24899258201894087,
    0.24526485335081816,
    0.2357111593039754,
    0.23412487541253751,
    0.2280120680299707,
    0.21867105374351525,
    0.22682930027636197,
    0.21735803056985903,
    0.21676581625181895,
    0.21543572957699114,
    0.21144952165344968,
    0.20503805408206505,
    0.19390670953987119,
    0.19360921849520543,
    0.19540225129383496,
    0.19044270439264485,
    0.18702081461938527,
    0.18908096080980238,
    0.16258757202050242,
    0.16186004584559646,
    0.14976302779112488,
    0.14511499513322726
  ],
  "train_acc": [
    0.7103365384615384,
    0.7696314102564102,
    0.7768429487179487,
    0.7924679487179487,
    0.8102964743589743,
    0.8161057692307693,
    0.8271233974358975,
    0.8297275641025641,
    0.8415464743589743,
    0.8455528846153846,
    0.8475560897435898,
    0.8515625,
    0.8565705128205128,
    0.859375,
    0.8609775641025641,
    0.8633814102564102,
    0.8723958333333334,
    0.8731971153846154,
    0.8776041666666666,
    0.8731971153846154,
    0.883613782051282,
    0.8780048076923077,
    0.8892227564102564,
    0.8868189102564102,
    0.8876201923076923,
    0.8904246794871795,
    0.8948317307692307,
    0.8964342948717948,
    0.8996394230769231,
    0.8988381410256411,
    0.8982371794871795,
    0.9018429487179487,
    0.9024439102564102,
    0.9092548076923077,
    0.9082532051282052,
    0.9086538461538461,
    0.9118589743589743,
    0.9064503205128205,
    0.9114583333333334,
    0.930488782051282,
    0.9252804487179487,
    0.9316907051282052,
    0.9348958333333334
  ],
  "val_loss": [
    0.46252651384898597,
    0.4430836456162589,
    0.4357993134430477,
    0.3834470135825021,
    0.41754546250615804,
    0.3617949490036283,
    0.32354761979409624,
    0.339801424741745,
    0.326678092777729,
    0.31311758416039603,
    0.3266381193484579,
    0.32938420176506045,
    0.3035458586045674,
    0.3398672826588154,
    0.29032882558447975,
    0.29097535610198977,
    0.28714181802102495,
    0.2942884831556252,
    0.3163175946899823,
    0.2938577901039805,
    0.299692493890013,
    0.28405011083398546,
    0.2974867276847363,
    0.2889778956770897,
    0.2807436325720378,
    0.2917121847825391,
    0.2885349005460739,
    0.2722867499504771,
    0.30214078011257306,
    0.26707928819315774,
    0.34039415770343373,
    0.27522636226245334,
    0.2632549815944263,
    0.2849280071045671,
    0.28022934262241633,
    0.2925353404666696,
    0.3465045597936426,
    0.3125038419451032,
    0.3094723612602268,
    0.2914538664477212,
    0.29976398327520914,
    0.27979846969246863,
    0.31892080189926286
  ],
  "val_acc": [
    0.7649186256781193,
    0.7920433996383364,
    0.7341772151898734,
    0.8236889692585895,
    0.7974683544303798,
    0.7775768535262206,
    0.8309222423146474,
    0.8318264014466547,
    0.8300180831826401,
    0.8200723327305606,
    0.8399638336347197,
    0.8309222423146474,
    0.8390596745027125,
    0.8652802893309223,
    0.8517179023508138,
    0.8508137432188065,
    0.8508137432188065,
    0.8698010849909584,
    0.8481012658227848,
    0.8499095840867993,
    0.8607594936708861,
    0.8589511754068716,
    0.8734177215189873,
    0.8417721518987342,
    0.8698010849909584,
    0.8761301989150091,
    0.8616636528028933,
    0.8698010849909584,
    0.8725135623869801,
    0.8589511754068716,
    0.864376130198915,
    0.8580470162748643,
    0.8779385171790235,
    0.8688969258589512,
    0.8670886075949367,
    0.8607594936708861,
    0.8752260397830018,
    0.864376130198915,
    0.8842676311030742,
    0.8716094032549728,
    0.8788426763110307,
    0.8716094032549728,
    0.8698010849909584
  ],
  "val_precision": [
    0.6783333333333333,
    0.7373540856031129,
    0.6246537396121884,
    0.7513513513513513,
    0.7200704225352113,
    0.6737804878048781,
    0.7504363001745201,
    0.7544169611307421,
    0.7375415282392026,
    0.7207062600321027,
    0.7529812606473595,
    0.7444633730834753,
    0.7491582491582491,
    0.8180039138943248,
    0.773851590106007,
    0.7668393782383419,
    0.7677642980935875,
    0.8148854961832062,
    0.8,
    0.7627986348122867,
    0.7857142857142857,
    0.7789473684210526,
    0.8313492063492064,
    0.7609075043630017,
    0.8286852589641435,
    0.8474226804123711,
    0.7944954128440367,
    0.8033088235294118,
    0.8350100603621731,
    0.7799295774647887,
    0.8011152416356877,
    0.7785588752196837,
    0.8304093567251462,
    0.7974683544303798,
    0.807909604519774,
    0.7787456445993032,
    0.8559322033898306,
    0.813953488372093,
    0.8516260162601627,
    0.8306772908366534,
    0.8455284552845529,
    0.8062730627306273,
    0.8173076923076923
  ],
  "val_recall": [
    0.8586497890295358,
    0.79957805907173,
    0.9514767932489452,
    0.879746835443038,
    0.8628691983122363,
    0.9324894514767933,
    0.9071729957805907,
    0.9008438818565401,
    0.9367088607594937,
    0.9472573839662447,
    0.9324894514767933,
    0.9219409282700421,
    0.9388185654008439,
    0.8818565400843882,
    0.9240506329113924,
    0.9367088607594937,
    0.9345991561181435,
    0.9008438818565401,
    0.8607594936708861,
    0.9430379746835443,
    0.9282700421940928,
    0.9367088607594937,
    0.8839662447257384,
    0.919831223628692,
    0.8776371308016878,
    0.8670886075949367,
    0.9135021097046413,
    0.9219409282700421,
    0.8755274261603375,
    0.9345991561181435,
    0.9092827004219409,
    0.9345991561181435,
    0.8987341772151899,
    0.930379746835443,
    0.9050632911392406,
    0.9430379746835443,
    0.8523206751054853,
    0.8860759493670886,
    0.8839662447257384,
    0.879746835443038,
    0.8776371308016878,
    0.9219409282700421,
    0.8966244725738397
  ],
  "val_f1": [
    0.7579143389199255,
    0.7672064777327935,
    0.754180602006689,
    0.8104956268221575,
    0.7850287907869482,
    0.7823008849557522,
    0.8213944603629417,
    0.8211538461538461,
    0.8252788104089219,
    0.8185961713764813,
    0.8331762488218661,
    0.823751178133836,
    0.8333333333333334,
    0.848730964467005,
    0.8423076923076923,
    0.8433048433048433,
    0.8430066603235015,
    0.8557114228456913,
    0.8292682926829268,
    0.8433962264150944,
    0.851063829787234,
    0.8505747126436781,
    0.8568507157464212,
    0.8328557784145176,
    0.8524590163934426,
    0.8571428571428571,
    0.8498527968596663,
    0.8585461689587426,
    0.854788877445932,
    0.8502879078694817,
    0.8517786561264822,
    0.8494726749760306,
    0.8632218844984803,
    0.8588120740019474,
    0.8537313432835821,
    0.8530534351145038,
    0.854122621564482,
    0.8484848484848485,
    0.8674948240165632,
    0.8545081967213115,
    0.8612836438923396,
    0.860236220472441,
    0.8551307847082495
  ]
}