{
  "train_loss": [
    0.5394742992252876,
    0.45700371064818823,
    0.40149525753580606,
    0.37086195971530217,
    0.36474288493776935,
    0.3417370901084863,
    0.3346383823798253,
    0.32455763096610707,
    0.3329697876977615,
    0.30875022064607877,
    0.288585021900825,
    0.2863303177440778,
    0.2959241184573143,
    0.2749992138109146,
    0.26886755657883793,
    0.2633496783673763,
    0.2539756783785728,
    0.2556277356850795,
    0.24691265334303564,
    0.24450148448634607,
    0.23821698921995285,
    0.24000380790004364,
    0.23413342660149702,
    0.22996059205765143,
    0.19754133703043827,
    0.19873179898907742,
    0.19291073609239015,
    0.1877434722458323,
    0.17795451692281625,
    0.17676506678645426,
    0.17053300949434438,
    0.1770761324904668,
    0.16802908595388708,
    0.16531731534558228,
    0.14344963242705816,
    0.14131081378899324,
    0.138447025946031,
    0.13934986029441157,
    0.12877716516884855,
    0.1289203620593374,
    0.1123365856325015,
    0.10724098507899982,
    0.10388550452756672,
    0.1076960367604326,
    0.0984867850664812
  ],
  "train_acc": [
    0.7387820512820513,
    0.7792467948717948,
    0.8080929487179487,
    0.8183092948717948,
    0.8297275641025641,
    0.8373397435897436,
    0.8323317307692307,
    0.8411458333333334,
    0.8481570512820513,
    0.8493589743589743,
    0.8609775641025641,
    0.8665865384615384,
    0.8705929487179487,
    0.8780048076923077,
    0.8802083333333334,
    0.8840144230769231,
    0.8846153846153846,
    0.8864182692307693,
    0.8884214743589743,
    0.8930288461538461,
    0.8954326923076923,
    0.8920272435897436,
    0.8980368589743589,
    0.9004407051282052,
    0.9140625,
    0.9116586538461539,
    0.9146634615384616,
    0.9146634615384616,
    0.9196714743589743,
    0.9236778846153846,
    0.9250801282051282,
    0.9206730769230769,
    0.9246794871794872,
    0.9260817307692307,
    0.9370993589743589,
    0.9395032051282052,
    0.9385016025641025,
    0.9405048076923077,
    0.9439102564102564,
    0.9449118589743589,
    0.9497195512820513,
    0.9517227564102564,
    0.9555288461538461,
    0.9535256410256411,
    0.9583333333333334
  ],
  "val_loss": [
    0.47296467678887505,
    0.39712667507784705,
    0.4072505478348051,
    0.35371263580662865,
    0.3944799027272633,
    0.34883219237838475,
    0.344886303799493,
    0.32993119210004807,
    0.3261052510568074,
    0.3185416677168437,
    0.3089668182390077,
    0.2878250988466399,
    0.312349248783929,
    0.37746841652052743,
    0.299335021844932,
    0.33362630350249156,
    0.2925442323088646,
    0.2756090127996036,
    0.3037698098591396,
    0.2986954478280885,
    0.3081663061465536,
    0.309449833205768,
    0.30182039673839295,
    0.2935131558350154,
    0.27529122212103435,
    0.2670277721115521,
    0.3253491549087422,
    0.2522822187415191,
    0.287814745839153,
    0.28578949464218956,
    0.29703947992197105,
    0.29078826595629964,
    0.29137944281101225,
    0.30798290446400645,
    0.29993707335421016,
    0.33067694966282163,
    0.3350640168147428,
    0.31307055902268205,
    0.349920426096235,
    0.35582652246313434,
    0.35080871635249683,
    0.35902324808495384,
    0.41349720412067004,
    0.38357666028397425,
    0.4427603094173329
  ],
  "val_acc": [
    0.779385171790235,
    0.8110307414104883,
    0.7748643761301989,
    0.8372513562386981,
    0.8291139240506329,
    0.833634719710669,
    0.833634719710669,
    0.8607594936708861,
    0.849005424954792,
    0.8327305605786618,
    0.8571428571428571,
    0.8707052441229657,
    0.8598553345388789,
    0.786618444846293,
    0.8453887884267631,
    0.8227848101265823,
    0.8670886075949367,
    0.8779385171790235,
    0.8625678119349005,
    0.8815551537070524,
    0.8698010849909584,
    0.8652802893309223,
    0.8634719710669078,
    0.864376130198915,
    0.8770343580470162,
    0.8815551537070524,
    0.8634719710669078,
    0.8824593128390597,
    0.8833634719710669,
    0.8806509945750453,
    0.8887884267631103,
    0.8688969258589512,
    0.8770343580470162,
    0.8824593128390597,
    0.8905967450271248,
    0.8887884267631103,
    0.8770343580470162,
    0.891500904159132,
    0.8707052441229657,
    0.8788426763110307,
    0.8869801084990958,
    0.8806509945750453,
    0.8688969258589512,
    0.8743218806509946,
    0.8734177215189873
  ],
  "val_precision": [
    0.7228682170542635,
    0.7396021699819169,
    0.6847290640394089,
    0.7763157894736842,
    0.7799607072691552,
    0.7746212121212122,
    0.7705223880597015,
    0.8478260869565217,
    0.7901701323251418,
    0.7557522123893805,
    0.8073929961089494,
    0.8528784648187633,
    0.8109161793372319,
    0.6819571865443425,
    0.768141592920354,
    0.738831615120275,
    0.8212180746561886,
    0.8383233532934131,
    0.8354166666666667,
    0.8720173535791758,
    0.8586956521739131,
    0.8509719222462203,
    0.8198019801980198,
    0.8115384615384615,
    0.8421052631578947,
    0.8450704225352113,
    0.8302658486707567,
    0.8412698412698413,
    0.8429423459244533,
    0.8326848249027238,
    0.8588957055214724,
    0.8040665434380776,
    0.8407258064516129,
    0.8539094650205762,
    0.8639175257731959,
    0.8588957055214724,
    0.8393574297188755,
    0.8718487394957983,
    0.8356997971602435,
    0.8663793103448276,
    0.8597938144329897,
    0.8533057851239669,
    0.8309859154929577,
    0.8383838383838383,
    0.8450413223140496
  ],
  "val_recall": [
    0.7869198312236287,
    0.8628691983122363,
    0.879746835443038,
    0.8713080168776371,
    0.8375527426160337,
    0.8628691983122363,
    0.8713080168776371,
    0.8227848101265823,
    0.8818565400843882,
    0.9008438818565401,
    0.8755274261603375,
    0.8438818565400844,
    0.8776371308016878,
    0.9409282700421941,
    0.9156118143459916,
    0.9071729957805907,
    0.8818565400843882,
    0.8860759493670886,
    0.8459915611814346,
    0.8481012658227848,
    0.8333333333333334,
    0.8312236286919831,
    0.8734177215189873,
    0.890295358649789,
    0.8776371308016878,
    0.8860759493670886,
    0.8565400843881856,
    0.8945147679324894,
    0.8945147679324894,
    0.9029535864978903,
    0.8860759493670886,
    0.9177215189873418,
    0.879746835443038,
    0.8755274261603375,
    0.8839662447257384,
    0.8860759493670886,
    0.8818565400843882,
    0.8755274261603375,
    0.869198312236287,
    0.8481012658227848,
    0.879746835443038,
    0.8713080168776371,
    0.8713080168776371,
    0.8755274261603375,
    0.8628691983122363
  ],
  "val_f1": [
    0.7535353535353535,
    0.7964946445959105,
    0.7700831024930748,
    0.8210735586481114,
    0.8077314343845371,
    0.8163672654690619,
    0.8178217821782178,
    0.8351177730192719,
    0.8334995014955134,
    0.821944177093359,
    0.840080971659919,
    0.848356309650053,
    0.8429584599797366,
    0.7907801418439716,
    0.8354186717998076,
    0.8143939393939394,
    0.8504577822990844,
    0.8615384615384616,
    0.8406708595387841,
    0.8598930481283422,
    0.8458244111349036,
    0.8409818569903948,
    0.8457609805924413,
    0.8490945674044266,
    0.859504132231405,
    0.8650875386199794,
    0.8431983385254413,
    0.8670756646216768,
    0.8679631525076765,
    0.8663967611336032,
    0.8722741433021807,
    0.8571428571428571,
    0.8597938144329897,
    0.8645833333333334,
    0.8738269030239834,
    0.8722741433021807,
    0.8600823045267489,
    0.8736842105263158,
    0.8521199586349535,
    0.8571428571428571,
    0.8696558915537018,
    0.8622129436325678,
    0.850669412976313,
    0.8565531475748194,
    0.8538622129436325
  ]
}