{
  "train_loss": [
    0.5236008583735197,
    0.48601407748766434,
    0.4463790262547823,
    0.4106371180178263,
    0.3897492349720918,
    0.35636834542338663,
    0.33901132280245805,
    0.33646328632648176,
    0.3199071665413869,
    0.2963646122564872,
    0.2885059615453848,
    0.27806057709340865,
    0.2793483714071604,
    0.2620882398138444,
    0.2626151143071743,
    0.25537797529250383,
    0.24809363331550208,
    0.23471126741228196,
    0.2257295846939087,
    0.22824100610346365,
    0.21989532550558066,
    0.21486749347203818,
    0.2062373812764119,
    0.20150992293388414,
    0.19725256255612925,
    0.18927191064143792,
    0.18988535925745964,
    0.18666359232977414,
    0.1818386450266609,
    0.19675261032982513,
    0.18128752541274595,
    0.17950511539880282,
    0.17197004144485944,
    0.13777521725457448,
    0.13321249867574528,
    0.12326602679557908,
    0.11767400825360361,
    0.11721499921837583,
    0.10961750119876786,
    0.08889938078713246,
    0.08598082423663865,
    0.08291254594969825,
    0.07637325794591258,
    0.0808488331841102,
    0.07122415679100996,
    0.06509569252077012,
    0.06366262250510492,
    0.0606667304587646,
    0.06032376597599628,
    0.05766348380786486
  ],
  "train_acc": [
    0.75,
    0.7738381410256411,
    0.7846554487179487,
    0.8098958333333334,
    0.8213141025641025,
    0.8383413461538461,
    0.8483573717948718,
    0.8479567307692307,
    0.8561698717948718,
    0.8635817307692307,
    0.8713942307692307,
    0.8770032051282052,
    0.8703926282051282,
    0.8882211538461539,
    0.8830128205128205,
    0.8880208333333334,
    0.8930288461538461,
    0.8934294871794872,
    0.897636217948718,
    0.8952323717948718,
    0.9048477564102564,
    0.9068509615384616,
    0.9084535256410257,
    0.9140625,
    0.9114583333333334,
    0.9204727564102564,
    0.9206730769230769,
    0.9230769230769231,
    0.9264823717948718,
    0.9140625,
    0.9224759615384616,
    0.9240785256410257,
    0.9254807692307693,
    0.9419070512820513,
    0.9431089743589743,
    0.9491185897435898,
    0.9501201923076923,
    0.9507211538461539,
    0.9533253205128205,
    0.9625400641025641,
    0.9629407051282052,
    0.9615384615384616,
    0.9655448717948718,
    0.9647435897435898,
    0.969551282051282,
    0.9729567307692307,
    0.9719551282051282,
    0.9751602564102564,
    0.9737580128205128,
    0.9733573717948718
  ],
  "val_loss": [
    0.4559903928211757,
    0.4448717219488961,
    0.4152239041669028,
    0.4279339441231319,
    0.3708353621619088,
    0.36575902913297925,
    0.3378500657422202,
    0.36024595754487176,
    0.3061727815440723,
    0.3346575479422297,
    0.3139636220676558,
    0.3136525315897805,
    0.29339732016835895,
    0.3089183571083205,
    0.29283748886414934,
    0.2936239074383463,
    0.28380890297038214,
    0.2895037255116871,
    0.2840861652578626,
    0.2735534904258592,
    0.2764782622456551,
    0.28378416800073214,
    0.278393449315003,
    0.27311772193227496,
    0.2751589574984142,
    0.2773953052503722,
    0.2465126115296568,
    0.2782583089811461,
    0.25431597530841826,
    0.28328365992222515,
    0.27234171352216174,
    0.27788083595888957,
    0.2647904734526362,
    0.3007743395332779,
    0.2684908752994878,
    0.3110093689390591,
    0.3299889971102987,
    0.30724442111594336,
    0.2560730271041393,
    0.3173338126923357,
    0.2984141681343317,
    0.36237902572112424,
    0.34950004651078154,
    0.3500891774892807,
    0.36857513317040036,
    0.4081200112189565,
    0.38695257997938565,
    0.42613136848168714,
    0.4074563710817269,
    0.4311732984547104
  ],
  "val_acc": [
    0.8164556962025317,
    0.8019891500904159,
    0.8119349005424955,
    0.8119349005424955,
    0.8399638336347197,
    0.8390596745027125,
    0.8444846292947559,
    0.8300180831826401,
    0.8716094032549728,
    0.8571428571428571,
    0.8625678119349005,
    0.8670886075949367,
    0.8842676311030742,
    0.8761301989150091,
    0.8725135623869801,
    0.8770343580470162,
    0.8815551537070524,
    0.8824593128390597,
    0.879746835443038,
    0.8815551537070524,
    0.8707052441229657,
    0.8815551537070524,
    0.8761301989150091,
    0.8842676311030742,
    0.8725135623869801,
    0.8933092224231465,
    0.8960216998191681,
    0.8833634719710669,
    0.8851717902350814,
    0.8887884267631103,
    0.8878842676311031,
    0.8824593128390597,
    0.8987341772151899,
    0.895117540687161,
    0.9005424954792043,
    0.8860759493670886,
    0.8833634719710669,
    0.8960216998191681,
    0.903254972875226,
    0.8924050632911392,
    0.9023508137432188,
    0.8960216998191681,
    0.8978300180831826,
    0.8996383363471971,
    0.8960216998191681,
    0.891500904159132,
    0.8996383363471971,
    0.8924050632911392,
    0.8960216998191681,
    0.8978300180831826
  ],
  "val_f1": [
    0.7756906077348066,
    0.7420494699646644,
    0.7724288840262582,
    0.7469586374695864,
    0.806979280261723,
    0.8043956043956044,
    0.8150537634408602,
    0.7901785714285714,
    0.8446389496717724,
    0.8236607142857143,
    0.8416666666666667,
    0.8437832093517534,
    0.8608695652173913,
    0.8479467258601554,
    0.8544891640866873,
    0.8592132505175983,
    0.8558855885588559,
    0.8605150214592274,
    0.8559046587215602,
    0.8577633007600435,
    0.854526958290946,
    0.8622502628811777,
    0.8465845464725644,
    0.8599562363238512,
    0.8488745980707395,
    0.878099173553719,
    0.8756756756756757,
    0.8643533123028391,
    0.8635875402792696,
    0.8722741433021807,
    0.8686440677966102,
    0.8599137931034483,
    0.8805970149253731,
    0.8728070175438597,
    0.8817204301075269,
    0.8682008368200836,
    0.8663212435233161,
    0.879074658254469,
    0.88604898828541,
    0.8746048472075869,
    0.8846153846153846,
    0.8795811518324608,
    0.881427072402938,
    0.8815368196371398,
    0.8775292864749734,
    0.8739495798319328,
    0.8827877507919747,
    0.8743400211193242,
    0.8803329864724245,
    0.8819226750261233
  ]
}