{
  "train_loss": [
    0.5907261684919015,
    0.5257878546149303,
    0.4943236122146631,
    0.4772570576423254,
    0.46122829367717105,
    0.43769375034249747,
    0.42603621154259413,
    0.41846435068127436,
    0.394870123706567,
    0.4010790807123368,
    0.38830176626260465,
    0.371378239721824,
    0.3833556995751002,
    0.3695154068752741,
    0.35503936315385193,
    0.34747474057934225,
    0.35095374663479817,
    0.3380383865860028,
    0.33876417897259575,
    0.3551708211501439,
    0.33973407439696485,
    0.3372911509030905,
    0.3146646565829332,
    0.32320983512088275,
    0.3122978844703772,
    0.314882915514784,
    0.30419531421592605,
    0.3053678417435059,
    0.30890154279768467,
    0.3006287642205373,
    0.2970594149082899,
    0.28598954332753634,
    0.2897998831497553,
    0.2804054293112877,
    0.28209118201182437,
    0.2793289906321428,
    0.2697365536617163,
    0.289614360827284,
    0.26903785168169403,
    0.2640512683787025,
    0.26662104056240654,
    0.2699115226666133,
    0.26400167604860586,
    0.26429768028454137,
    0.2580766131958136,
    0.25953334154417884
  ],
  "train_acc": [
    0.6959134615384616,
    0.7445913461538461,
    0.7604166666666666,
    0.7708333333333334,
    0.7856570512820513,
    0.7892628205128205,
    0.7958733974358975,
    0.7964743589743589,
    0.8078926282051282,
    0.8098958333333334,
    0.8131009615384616,
    0.8241185897435898,
    0.8213141025641025,
    0.8249198717948718,
    0.8333333333333334,
    0.8307291666666666,
    0.8409455128205128,
    0.8487580128205128,
    0.8443509615384616,
    0.8383413461538461,
    0.8423477564102564,
    0.8441506410256411,
    0.8583733974358975,
    0.8565705128205128,
    0.8513621794871795,
    0.859375,
    0.8617788461538461,
    0.8643830128205128,
    0.8597756410256411,
    0.8615785256410257,
    0.8659855769230769,
    0.8681891025641025,
    0.8721955128205128,
    0.8754006410256411,
    0.8709935897435898,
    0.8713942307692307,
    0.8812099358974359,
    0.8685897435897436,
    0.8806089743589743,
    0.8838141025641025,
    0.8856169871794872,
    0.8784054487179487,
    0.8784054487179487,
    0.8832131410256411,
    0.8890224358974359,
    0.8854166666666666
  ],
  "val_loss": [
    0.5187912796224866,
    0.47909511412893024,
    0.42485278163637435,
    0.430334649341447,
    0.43319021548543657,
    0.39221495602812084,
    0.37806216520922525,
    0.3727018177509308,
    0.3995624648673194,
    0.36260908203465597,
    0.3704301974603108,
    0.3901443272829056,
    0.35245881506374904,
    0.35511354080268315,
    0.35705486706324985,
    0.38176083522183557,
    0.3337575908218111,
    0.33459968524319783,
    0.3290927605969565,
    0.3214522868394852,
    0.4142322037901197,
    0.3276561279382024,
    0.3181136850799833,
    0.3315173515251705,
    0.34514675395829336,
    0.3110400118998119,
    0.3305174280490194,
    0.3186819293669292,
    0.3446749427488872,
    0.3445445256573813,
    0.30158269511801855,
    0.3263749569654465,
    0.3139769330620766,
    0.2927624236260142,
    0.30352422956909453,
    0.2926727280020714,
    0.3123746605856078,
    0.29626638548714773,
    0.31307693208966936,
    0.3068572972502027,
    0.29055262804031373,
    0.32656110227108004,
    0.33696342366082327,
    0.29375963125910076,
    0.3067075950758798,
    0.29296122172049116
  ],
  "val_acc": [
    0.7649186256781193,
    0.7459312839059674,
    0.7956600361663653,
    0.7667269439421338,
    0.7703435804701627,
    0.8092224231464737,
    0.8019891500904159,
    0.7920433996383364,
    0.8327305605786618,
    0.8218806509945751,
    0.7938517179023508,
    0.8363471971066908,
    0.825497287522604,
    0.8300180831826401,
    0.825497287522604,
    0.810126582278481,
    0.8499095840867993,
    0.8399638336347197,
    0.8517179023508138,
    0.8616636528028933,
    0.7884267631103075,
    0.8580470162748643,
    0.8716094032549728,
    0.849005424954792,
    0.8517179023508138,
    0.8652802893309223,
    0.8508137432188065,
    0.8607594936708861,
    0.8417721518987342,
    0.8607594936708861,
    0.879746835443038,
    0.8716094032549728,
    0.8607594936708861,
    0.85623869801085,
    0.8698010849909584,
    0.8815551537070524,
    0.8607594936708861,
    0.8770343580470162,
    0.8707052441229657,
    0.8770343580470162,
    0.8716094032549728,
    0.8553345388788427,
    0.8363471971066908,
    0.8770343580470162,
    0.8670886075949367,
    0.8589511754068716
  ],
  "val_precision": [
    0.8128654970760234,
    0.6425406203840472,
    0.7403100775193798,
    0.68,
    0.671875,
    0.7247863247863248,
    0.7289048473967684,
    0.7074829931972789,
    0.8189845474613686,
    0.7522768670309654,
    0.695859872611465,
    0.8513189448441247,
    0.7626168224299066,
    0.7677902621722846,
    0.7435008665511266,
    0.7548262548262549,
    0.8181818181818182,
    0.7917485265225933,
    0.8003875968992248,
    0.8378947368421052,
    0.6967213114754098,
    0.8438177874186551,
    0.8502109704641351,
    0.7969052224371374,
    0.8725961538461539,
    0.8323108384458078,
    0.7834862385321101,
    0.8539823008849557,
    0.7869481765834933,
    0.8827751196172249,
    0.8635394456289979,
    0.8472803347280334,
    0.8225806451612904,
    0.7932960893854749,
    0.8136882129277566,
    0.883668903803132,
    0.8305785123966942,
    0.8407258064516129,
    0.854389721627409,
    0.8894009216589862,
    0.8443983402489627,
    0.8102766798418972,
    0.7565674255691769,
    0.8520833333333333,
    0.815028901734104,
    0.7839285714285714
  ],
  "val_recall": [
    0.5864978902953587,
    0.9177215189873418,
    0.8059071729957806,
    0.8607594936708861,
    0.9071729957805907,
    0.8945147679324894,
    0.8565400843881856,
    0.8776371308016878,
    0.7827004219409283,
    0.8713080168776371,
    0.9219409282700421,
    0.7489451476793249,
    0.8607594936708861,
    0.8649789029535865,
    0.9050632911392406,
    0.8248945147679325,
    0.8354430379746836,
    0.8502109704641351,
    0.8713080168776371,
    0.8396624472573839,
    0.8966244725738397,
    0.820675105485232,
    0.8502109704641351,
    0.869198312236287,
    0.7658227848101266,
    0.8586497890295358,
    0.9008438818565401,
    0.8143459915611815,
    0.8649789029535865,
    0.7784810126582279,
    0.8544303797468354,
    0.8544303797468354,
    0.8607594936708861,
    0.8987341772151899,
    0.9029535864978903,
    0.8333333333333334,
    0.8481012658227848,
    0.879746835443038,
    0.8417721518987342,
    0.8143459915611815,
    0.8586497890295358,
    0.8649789029535865,
    0.9113924050632911,
    0.8628691983122363,
    0.8924050632911392,
    0.9261603375527426
  ],
  "val_f1": [
    0.6813725490196079,
    0.7558644656820156,
    0.7717171717171717,
    0.7597765363128491,
    0.7719928186714542,
    0.8007554296506137,
    0.7875848690591658,
    0.783427495291902,
    0.8004314994606256,
    0.8074291300097751,
    0.7931034482758621,
    0.7968574635241302,
    0.8087215064420218,
    0.8134920634920635,
    0.8163653663177926,
    0.7883064516129032,
    0.826722338204593,
    0.8199389623601221,
    0.8343434343434344,
    0.8387776606954689,
    0.7841328413284133,
    0.8320855614973262,
    0.8502109704641351,
    0.8314833501513622,
    0.8157303370786517,
    0.8452751817237798,
    0.8380765456329735,
    0.8336933045356372,
    0.8241206030150754,
    0.827354260089686,
    0.8589607635206787,
    0.8508403361344538,
    0.8412371134020619,
    0.8427299703264095,
    0.856,
    0.8577633007600435,
    0.8392484342379958,
    0.8597938144329897,
    0.8480340063761955,
    0.8502202643171806,
    0.8514644351464435,
    0.8367346938775511,
    0.8267942583732057,
    0.8574423480083857,
    0.851963746223565,
    0.8491295938104448
  ]
}