{
  "train_loss": [
    0.5314849735452578,
    0.46506766497324675,
    0.4134630553233318,
    0.40291056299629885,
    0.38906231990609413,
    0.3834307426825548,
    0.3575121627117579,
    0.3574927125412684,
    0.3676626857561179,
    0.35416045746742153,
    0.3411783226407491,
    0.33335302588649285,
    0.33040461622369593,
    0.32601457566787034,
    0.33624517812560767,
    0.337531585055284,
    0.31683741863339376,
    0.3268141178175425,
    0.292694186218656,
    0.2842559384611937,
    0.2858046786620831,
    0.2813268235574166,
    0.2762801373520723,
    0.2770918448192951,
    0.27369578316425663,
    0.27008542349227727,
    0.27189771802379537,
    0.2682151631093942,
    0.26238494605208057,
    0.2629242657373349,
    0.26556551817040414,
    0.26648915155480307,
    0.256886422729645,
    0.2602284543502789,
    0.2650319249011003,
    0.2614238247848474,
    0.26027260329096746,
    0.2570954001484773,
    0.2577041493824277,
    0.24010353196316805,
    0.23614508701631656,
    0.23770421786377063,
    0.23512788938406187,
    0.23138095032519254,
    0.23019848914387134,
    0.2209799016993015,
    0.2195188810284703
  ],
  "train_acc": [
    0.7526041666666666,
    0.7810496794871795,
    0.8020833333333334,
    0.8110977564102564,
    0.8145032051282052,
    0.8181089743589743,
    0.8197115384615384,
    0.8231169871794872,
    0.8187099358974359,
    0.8321314102564102,
    0.8363381410256411,
    0.8417467948717948,
    0.8433493589743589,
    0.8453525641025641,
    0.8433493589743589,
    0.8457532051282052,
    0.8501602564102564,
    0.852363782051282,
    0.8637820512820513,
    0.8695913461538461,
    0.8655849358974359,
    0.8695913461538461,
    0.8685897435897436,
    0.8717948717948718,
    0.8697916666666666,
    0.875801282051282,
    0.8768028846153846,
    0.8705929487179487,
    0.8790064102564102,
    0.8768028846153846,
    0.8786057692307693,
    0.8756009615384616,
    0.8790064102564102,
    0.8812099358974359,
    0.8776041666666666,
    0.8792067307692307,
    0.8808092948717948,
    0.8802083333333334,
    0.8798076923076923,
    0.8872195512820513,
    0.8870192307692307,
    0.8890224358974359,
    0.8912259615384616,
    0.8920272435897436,
    0.8946314102564102,
    0.9010416666666666,
    0.9006410256410257
  ],
  "val_loss": [
    0.47289798770632063,
    0.4270083367824554,
    0.4141157942158835,
    0.4025348322732108,
    0.4546561509370804,
    0.38226252027920316,
    0.3644315574850355,
    0.407083284003394,
    0.3979441008397511,
    0.35269262194633483,
    0.35385849603584835,
    0.3305469227688653,
    0.3448936002595084,
    0.3470209445272173,
    0.33112413500036514,
    0.33529052627938133,
    0.3423762551375798,
    0.372431407230241,
    0.32834402109895433,
    0.3493514859250614,
    0.3205014548131398,
    0.31933317610195705,
    0.3189770770924432,
    0.32355772278138567,
    0.3206400884049279,
    0.32378764812435423,
    0.32112434080668856,
    0.3231431878038815,
    0.3162443778344563,
    0.31785409769841605,
    0.3621135749987194,
    0.31256149879523687,
    0.3020147293806076,
    0.3641663915344647,
    0.3313226831810815,
    0.30774417775017876,
    0.3256046691111156,
    0.3169855339186532,
    0.32504027443272726,
    0.31818651940141407,
    0.30774217950446264,
    0.32332475845302855,
    0.31879820291485106,
    0.31466047636100225,
    0.31027049741574697,
    0.32262635976076126,
    0.3187962538429669
  ],
  "val_acc": [
    0.7920433996383364,
    0.810126582278481,
    0.825497287522604,
    0.8218806509945751,
    0.8291139240506329,
    0.833634719710669,
    0.8273056057866185,
    0.7676311030741411,
    0.8200723327305606,
    0.8200723327305606,
    0.825497287522604,
    0.8426763110307414,
    0.8273056057866185,
    0.8300180831826401,
    0.8481012658227848,
    0.849005424954792,
    0.8462929475587704,
    0.8028933092224232,
    0.8471971066907775,
    0.8462929475587704,
    0.8481012658227848,
    0.8517179023508138,
    0.8481012658227848,
    0.8499095840867993,
    0.8598553345388789,
    0.8517179023508138,
    0.8471971066907775,
    0.8598553345388789,
    0.8589511754068716,
    0.8634719710669078,
    0.85623869801085,
    0.8688969258589512,
    0.8761301989150091,
    0.8679927667269439,
    0.8625678119349005,
    0.8526220614828209,
    0.8670886075949367,
    0.864376130198915,
    0.8535262206148282,
    0.8580470162748643,
    0.8661844484629295,
    0.8734177215189873,
    0.8607594936708861,
    0.8589511754068716,
    0.8544303797468354,
    0.8598553345388789,
    0.8725135623869801
  ],
  "val_precision": [
    0.7218181818181818,
    0.7869565217391304,
    0.8034557235421166,
    0.8017429193899782,
    0.8779840848806366,
    0.8485576923076923,
    0.7605893186003683,
    0.6708661417322834,
    0.7811860940695297,
    0.7442273534635879,
    0.7426597582037997,
    0.8099173553719008,
    0.7486818980667839,
    0.7581227436823105,
    0.8241525423728814,
    0.8113590263691683,
    0.8377777777777777,
    0.7084690553745928,
    0.8043912175648703,
    0.8534883720930233,
    0.8084677419354839,
    0.81,
    0.78125,
    0.808,
    0.8474945533769063,
    0.7902621722846442,
    0.7850467289719626,
    0.812133072407045,
    0.8,
    0.8385744234800838,
    0.8723404255319149,
    0.821917808219178,
    0.8786516853932584,
    0.8980582524271845,
    0.8259109311740891,
    0.8007736943907157,
    0.8674157303370786,
    0.86,
    0.8513513513513513,
    0.8268041237113402,
    0.826,
    0.8646288209606987,
    0.8225806451612904,
    0.823170731707317,
    0.8050682261208577,
    0.8261758691206544,
    0.8758465011286681
  ],
  "val_recall": [
    0.8375527426160337,
    0.7637130801687764,
    0.7848101265822784,
    0.7763713080168776,
    0.6983122362869199,
    0.7447257383966245,
    0.8713080168776371,
    0.8987341772151899,
    0.8059071729957806,
    0.8839662447257384,
    0.9071729957805907,
    0.8270042194092827,
    0.8987341772151899,
    0.8860759493670886,
    0.820675105485232,
    0.8438818565400844,
    0.7953586497890295,
    0.9177215189873418,
    0.8502109704641351,
    0.7742616033755274,
    0.8459915611814346,
    0.8544303797468354,
    0.8966244725738397,
    0.8523206751054853,
    0.820675105485232,
    0.890295358649789,
    0.8860759493670886,
    0.8755274261603375,
    0.8945147679324894,
    0.8438818565400844,
    0.7784810126582279,
    0.8860759493670886,
    0.8248945147679325,
    0.7805907172995781,
    0.8607594936708861,
    0.8734177215189873,
    0.8143459915611815,
    0.8164556962025317,
    0.7974683544303798,
    0.8459915611814346,
    0.8713080168776371,
    0.8354430379746836,
    0.8607594936708861,
    0.8544303797468354,
    0.8713080168776371,
    0.8523206751054853,
    0.8185654008438819
  ],
  "val_f1": [
    0.775390625,
    0.7751605995717344,
    0.7940234791889007,
    0.7888531618435155,
    0.7779083431257344,
    0.7932584269662921,
    0.8121927236971485,
    0.7682596934174932,
    0.7933541017653167,
    0.8081002892960463,
    0.8167141500474834,
    0.8183716075156576,
    0.8168744007670182,
    0.8171206225680934,
    0.8224101479915433,
    0.827300930713547,
    0.816017316017316,
    0.7996323529411765,
    0.8266666666666667,
    0.8119469026548672,
    0.8268041237113402,
    0.8316221765913757,
    0.8349705304518664,
    0.8295687885010267,
    0.8338692390139335,
    0.8373015873015873,
    0.8325074331020813,
    0.8426395939086294,
    0.8446215139442231,
    0.8412197686645636,
    0.822742474916388,
    0.8527918781725888,
    0.8509249183895539,
    0.835214446952596,
    0.8429752066115702,
    0.8355196770938446,
    0.8400435255712732,
    0.8376623376623377,
    0.8235294117647058,
    0.8362877997914494,
    0.8480492813141683,
    0.8497854077253219,
    0.8412371134020619,
    0.8385093167701864,
    0.8368794326241135,
    0.8390446521287642,
    0.8462377317339149
  ]
}