{
  "train_loss": [
    0.546691854030658,
    0.48137787786813885,
    0.45088129681654465,
    0.43803835717531353,
    0.42149130847209537,
    0.391842897885885,
    0.3683904948142859,
    0.3657687329328977,
    0.3443501318494479,
    0.3390588275133035,
    0.33610325020093185,
    0.32464478604304486,
    0.32135506490102184,
    0.31814908580138135,
    0.3100373597863393,
    0.30935059086634564,
    0.30042508244514465,
    0.2893485004703204,
    0.2877944289491727,
    0.28402266250206876,
    0.286271639359303,
    0.27736863570335585,
    0.27062749108060813,
    0.2743849198405559,
    0.2740219907882886,
    0.26881773063005543,
    0.26996541997561085,
    0.2616089954972267,
    0.27025733563380366,
    0.24579200024406114,
    0.24597039627723205,
    0.23239048369801962,
    0.2207211108926015,
    0.21660435763307107,
    0.21700468277319884,
    0.22328080294223931,
    0.20871268518460104,
    0.2026467179067624,
    0.19855531266866586,
    0.19664939884573984,
    0.1935166201721399,
    0.19144292920827866,
    0.19048147085003364,
    0.1840984202348269,
    0.1816394443695362,
    0.17718757163637724,
    0.17584252109130225,
    0.1765652562563236,
    0.17656438348767084,
    0.16980022063048986,
    0.1700845789641906,
    0.17170025761692953,
    0.1651979190034744,
    0.16738056018948555,
    0.16751088173343584,
    0.16341621041871035,
    0.16274015046656132,
    0.15747660751908255,
    0.1603708769648503,
    0.16139730089941087,
    0.15895372710357875,
    0.15996361299394032,
    0.1573224856207768,
    0.15414618633878538,
    0.15723889531233373,
    0.1550636733762729,
    0.1559093951796874,
    0.15797634422779083,
    0.15631573365475887
  ],
  "train_acc": [
    0.7407852564102564,
    0.7782451923076923,
    0.7856570512820513,
    0.7912660256410257,
    0.8022836538461539,
    0.8046875,
    0.8145032051282052,
    0.8159054487179487,
    0.8271233974358975,
    0.8319310897435898,
    0.828125,
    0.8331330128205128,
    0.8393429487179487,
    0.8469551282051282,
    0.8537660256410257,
    0.8519631410256411,
    0.8605769230769231,
    0.867988782051282,
    0.8717948717948718,
    0.8665865384615384,
    0.867988782051282,
    0.8709935897435898,
    0.8707932692307693,
    0.8804086538461539,
    0.8733974358974359,
    0.8814102564102564,
    0.8786057692307693,
    0.8754006410256411,
    0.8802083333333334,
    0.8902243589743589,
    0.8872195512820513,
    0.9006410256410257,
    0.8988381410256411,
    0.9064503205128205,
    0.9072516025641025,
    0.8984375,
    0.9044471153846154,
    0.9064503205128205,
    0.9116586538461539,
    0.9122596153846154,
    0.9156650641025641,
    0.913261217948718,
    0.9146634615384616,
    0.9184695512820513,
    0.9146634615384616,
    0.9216746794871795,
    0.9196714743589743,
    0.9234775641025641,
    0.9242788461538461,
    0.9268830128205128,
    0.9254807692307693,
    0.9246794871794872,
    0.9296875,
    0.9276842948717948,
    0.9300881410256411,
    0.9286858974358975,
    0.9286858974358975,
    0.9294871794871795,
    0.9328926282051282,
    0.9340945512820513,
    0.9312900641025641,
    0.9320913461538461,
    0.9334935897435898,
    0.9330929487179487,
    0.9326923076923077,
    0.9326923076923077,
    0.9332932692307693,
    0.9312900641025641,
    0.9290865384615384
  ],
  "val_loss": [
    0.4987902194261551,
    0.4615831540690528,
    0.4499950077798631,
    0.4388144479857551,
    0.4063751581642363,
    0.4031715550356441,
    0.3730588240755929,
    0.36989429427517784,
    0.3813704152901967,
    0.3514656995733579,
    0.37758011784818435,
    0.3684857173098458,
    0.33948105242517257,
    0.34626562313901055,
    0.33742226743035847,
    0.3270460143685341,
    0.3336625678671731,
    0.3702242738670773,
    0.3246729208363427,
    0.34243951986233395,
    0.34481118619441986,
    0.33072055296765435,
    0.30960826492971844,
    0.38154639883173835,
    0.28692273878388935,
    0.319849468767643,
    0.2939993085132705,
    0.3065126844578319,
    0.3045289276374711,
    0.3282553967502382,
    0.31302816255225074,
    0.2914764674173461,
    0.3073881028427018,
    0.29177064448595047,
    0.31286150465408963,
    0.2939810049202707,
    0.3030787284175555,
    0.29828299085299176,
    0.3291534524824884,
    0.3166705038812425,
    0.3271956799758805,
    0.31121736930476296,
    0.3167226289709409,
    0.3228713480962647,
    0.3084157572852241,
    0.3119279742240906,
    0.34019928094413543,
    0.3168715511759122,
    0.3158174513114823,
    0.33166968408558106,
    0.32739247795608306,
    0.33307426588402855,
    0.3374267692367236,
    0.3234362229704857,
    0.32767018924156827,
    0.3284268238478237,
    0.3263014497028457,
    0.3354201085037655,
    0.3285817421144909,
    0.3351443004277017,
    0.33624166084660423,
    0.33754739579227233,
    0.3374105915427208,
    0.33842532419496113,
    0.33946264038483304,
    0.33905942489703494,
    0.33987495799859363,
    0.34107231100400287,
    0.34061622205707764
  ],
  "val_acc": [
    0.755877034358047,
    0.779385171790235,
    0.794755877034358,
    0.8047016274864376,
    0.810126582278481,
    0.8155515370705244,
    0.8200723327305606,
    0.8074141048824593,
    0.7685352622061483,
    0.8453887884267631,
    0.7920433996383364,
    0.7766726943942134,
    0.8146473779385172,
    0.8291139240506329,
    0.8435804701627486,
    0.8598553345388789,
    0.8236889692585895,
    0.8481012658227848,
    0.8453887884267631,
    0.8580470162748643,
    0.8426763110307414,
    0.8553345388788427,
    0.8589511754068716,
    0.8661844484629295,
    0.8670886075949367,
    0.8616636528028933,
    0.8535262206148282,
    0.8571428571428571,
    0.8616636528028933,
    0.8661844484629295,
    0.8688969258589512,
    0.8725135623869801,
    0.8725135623869801,
    0.8688969258589512,
    0.8761301989150091,
    0.8770343580470162,
    0.8779385171790235,
    0.8806509945750453,
    0.879746835443038,
    0.864376130198915,
    0.8598553345388789,
    0.8734177215189873,
    0.8652802893309223,
    0.8761301989150091,
    0.8779385171790235,
    0.8779385171790235,
    0.8679927667269439,
    0.8824593128390597,
    0.879746835443038,
    0.8833634719710669,
    0.8734177215189873,
    0.8661844484629295,
    0.8806509945750453,
    0.8851717902350814,
    0.8743218806509946,
    0.8779385171790235,
    0.8770343580470162,
    0.8779385171790235,
    0.8806509945750453,
    0.8761301989150091,
    0.879746835443038,
    0.8770343580470162,
    0.8788426763110307,
    0.8779385171790235,
    0.8788426763110307,
    0.8779385171790235,
    0.8779385171790235,
    0.879746835443038,
    0.8770343580470162
  ],