{
  "train_loss": [
    0.529935285831109,
    0.4662791215456449,
    0.42766713828612596,
    0.3864134465559171,
    0.36489360397442794,
    0.3572076578170825,
    0.3363461357851823,
    0.32964179010536426,
    0.31929810932622504,
    0.30902267892200214,
    0.29934130255610514,
    0.2992150353220029,
    0.29607211621717,
    0.2843458214058326,
    0.2539303316854132,
    0.24867382645606995,
    0.2500065996383245,
    0.23910812584635538,
    0.2420828758428494,
    0.23063501047018248,
    0.2275500807624597,
    0.2281418354369891,
    0.22480086048539633,
    0.21607847430576116,
    0.2229039664977254,
    0.21421673714828032,
    0.20986976001698238,
    0.2027360670722257,
    0.20011888016970494,
    0.19583452361611983,
    0.20251012292618936,
    0.1763018891454125,
    0.1678965094093329,
    0.16483017404038364,
    0.15617962162464094
  ],
  "train_acc": [
    0.75,
    0.7790464743589743,
    0.7962740384615384,
    0.8137019230769231,
    0.8217147435897436,
    0.8325320512820513,
    0.8359375,
    0.8427483974358975,
    0.8541666666666666,
    0.8565705128205128,
    0.8589743589743589,
    0.8659855769230769,
    0.8719951923076923,
    0.8699919871794872,
    0.889823717948718,
    0.8930288461538461,
    0.889823717948718,
    0.8934294871794872,
    0.8958333333333334,
    0.8984375,
    0.9014423076923077,
    0.9022435897435898,
    0.9006410256410257,
    0.9102564102564102,
    0.9052483974358975,
    0.90625,
    0.9156650641025641,
    0.9136618589743589,
    0.9142628205128205,
    0.9138621794871795,
    0.9118589743589743,
    0.9274839743589743,
    0.9322916666666666,
    0.930488782051282,
    0.9340945512820513
  ],
  "val_loss": [
    0.46422870457172394,
    0.43097321944577355,
    0.39768541157245635,
    0.3783819943666458,
    0.3759070162262235,
    0.35343238966805596,
    0.3370843885200364,
    0.29366039037704467,
    0.321713735056775,
    0.31625099309853144,
    0.34116304623229166,
    0.31399312657969336,
    0.3225216275879315,
    0.29444988263504845,
    0.28819964826107025,
    0.2966874007667814,
    0.2995934682232993,
    0.29140475924525944,
    0.29281428839479173,
    0.3368720281336989,
    0.282012179600341,
    0.29047484546899793,
    0.30590822994709016,
    0.27372807030166896,
    0.26304447001644543,
    0.28262662834354807,
    0.28397285022905894,
    0.28489446671945706,
    0.3040222304740122,
    0.2743337872837271,
    0.30695613494941165,
    0.29301719521837577,
    0.3271656919802938,
    0.30320841393300463,
    0.3347842012132917
  ],
  "val_acc": [
    0.7839059674502713,
    0.8119349005424955,
    0.8083182640144665,
    0.8164556962025317,
    0.833634719710669,
    0.8209764918625678,
    0.825497287522604,
    0.8571428571428571,
    0.8589511754068716,
    0.8462929475587704,
    0.8453887884267631,
    0.8670886075949367,
    0.8390596745027125,
    0.8571428571428571,
    0.8688969258589512,
    0.8707052441229657,
    0.8589511754068716,
    0.8598553345388789,
    0.8833634719710669,
    0.8716094032549728,
    0.8815551537070524,
    0.879746835443038,
    0.8761301989150091,
    0.8670886075949367,
    0.8842676311030742,
    0.8824593128390597,
    0.8698010849909584,
    0.879746835443038,
    0.8752260397830018,
    0.8960216998191681,
    0.8788426763110307,
    0.8878842676311031,
    0.8860759493670886,
    0.8770343580470162,
    0.8933092224231465
  ],
  "val_precision": [
    0.72552783109405,
    0.7854077253218884,
    0.7339285714285714,
    0.7348353552859619,
    0.7767175572519084,
    0.7490974729241877,
    0.7418244406196214,
    0.795880149812734,
    0.818,
    0.7676056338028169,
    0.7739602169981917,
    0.8357289527720739,
    0.7578397212543554,
    0.7915129151291513,
    0.8336713995943205,
    0.8277227722772277,
    0.7966417910447762,
    0.7948243992606284,
    0.8415841584158416,
    0.8593073593073594,
    0.843687374749499,
    0.8589473684210527,
    0.8703296703296703,
    0.7924865831842576,
    0.8589211618257261,
    0.8426294820717132,
    0.8395061728395061,
    0.8444444444444444,
    0.8307086614173228,
    0.8997772828507795,
    0.8483606557377049,
    0.8661087866108786,
    0.865546218487395,
    0.8188679245283019,
    0.8723849372384938
  ],
  "val_recall": [
    0.7974683544303798,
    0.7721518987341772,
    0.8670886075949367,
    0.8945147679324894,
    0.8586497890295358,
    0.8755274261603375,
    0.9092827004219409,
    0.8966244725738397,
    0.8628691983122363,
    0.919831223628692,
    0.9029535864978903,
    0.8586497890295358,
    0.9177215189873418,
    0.9050632911392406,
    0.8670886075949367,
    0.8818565400843882,
    0.9008438818565401,
    0.9071729957805907,
    0.8966244725738397,
    0.8375527426160337,
    0.8881856540084389,
    0.8607594936708861,
    0.8354430379746836,
    0.9345991561181435,
    0.8734177215189873,
    0.8924050632911392,
    0.8607594936708861,
    0.8818565400843882,
    0.890295358649789,
    0.8523206751054853,
    0.8734177215189873,
    0.8734177215189873,
    0.869198312236287,
    0.9156118143459916,
    0.879746835443038
  ],
  "val_f1": [
    0.7597989949748744,
    0.7787234042553192,
    0.7949709864603481,
    0.8068506184586108,
    0.8156312625250501,
    0.8073929961089494,
    0.8170616113744076,
    0.8432539682539683,
    0.839835728952772,
    0.836852207293666,
    0.8334956183057449,
    0.8470343392299687,
    0.8301526717557252,
    0.844488188976378,
    0.8500517063081696,
    0.8539325842696629,
    0.8455445544554455,
    0.8472906403940886,
    0.8682328907048008,
    0.8482905982905983,
    0.8653648509763617,
    0.8598524762908325,
    0.852529601722282,
    0.8576960309777347,
    0.8661087866108786,
    0.8668032786885246,
    0.85,
    0.8627450980392157,
    0.8594704684317719,
    0.875406283856988,
    0.8607068607068608,
    0.8697478991596639,
    0.8673684210526316,
    0.8645418326693227,
    0.8760504201680672
  ]
}