{
  "train_loss": [
    0.5551729991267889,
    0.44812716696506893,
    0.43124307663394856,
    0.40542109224658746,
    0.39956972002983093,
    0.39357895843493634,
    0.3762630975017181,
    0.3726661773159718,
    0.3562344146462587,
    0.33441556885074347,
    0.33369074623363143,
    0.32916141473329985,
    0.3314484017781722,
    0.31752876077707,
    0.31321271002674717,
    0.31377823364276153,
    0.30922646233095574,
    0.30717131189810926,
    0.27984110046273625,
    0.2736820737616374,
    0.26901506799726915,
    0.26311542872243965,
    0.25603950147827464,
    0.24914485731950173,
    0.2568628734264236,
    0.24956555903339997,
    0.25243206623081976,
    0.24266629427289352,
    0.24711122590666398,
    0.24615429294032928,
    0.23548076289873093,
    0.22515657405631664,
    0.21985099373910671,
    0.21715181796118999,
    0.21956679518692768,
    0.21309589337891874,
    0.21545928122045901,
    0.20811291612111604,
    0.20491260330741987,
    0.20419693561509633,
    0.20013255009857508,
    0.1989252936715881,
    0.20039599376897782,
    0.19146228113617653,
    0.18611225335357282,
    0.19370076996393693,
    0.19098660031047004,
    0.19345006318046495,
    0.19003348730695555,
    0.1857796232574261,
    0.18844670011924627,
    0.18422048073261976,
    0.18799441757922372,
    0.18465027800546244,
    0.18135223222466615,
    0.18491896455629897,
    0.1839622870230904,
    0.18304679608450103,
    0.18081875329311842,
    0.1830531000995483,
    0.1805390038360388,
    0.18228699812570062,
    0.18368959356433687,
    0.182665895527372,
    0.1769329762707154
  ],
  "train_acc": [
    0.7253605769230769,
    0.7874599358974359,
    0.7966746794871795,
    0.8048878205128205,
    0.8090945512820513,
    0.8165064102564102,
    0.8247195512820513,
    0.8263221153846154,
    0.8369391025641025,
    0.8451522435897436,
    0.8431490384615384,
    0.8499599358974359,
    0.8529647435897436,
    0.8547676282051282,
    0.8541666666666666,
    0.8583733974358975,
    0.8575721153846154,
    0.8579727564102564,
    0.8719951923076923,
    0.8739983974358975,
    0.8814102564102564,
    0.8840144230769231,
    0.8860176282051282,
    0.8894230769230769,
    0.883613782051282,
    0.8932291666666666,
    0.8902243589743589,
    0.8946314102564102,
    0.8954326923076923,
    0.8908253205128205,
    0.8946314102564102,
    0.9024439102564102,
    0.9028445512820513,
    0.9050480769230769,
    0.9100560897435898,
    0.9116586538461539,
    0.905448717948718,
    0.9124599358974359,
    0.9134615384615384,
    0.914863782051282,
    0.9140625,
    0.9168669871794872,
    0.9166666666666666,
    0.9240785256410257,
    0.9202724358974359,
    0.9174679487179487,
    0.9204727564102564,
    0.921073717948718,
    0.9222756410256411,
    0.9254807692307693,
    0.9216746794871795,
    0.9236778846153846,
    0.9212740384615384,
    0.9232772435897436,
    0.9256810897435898,
    0.9258814102564102,
    0.9238782051282052,
    0.9250801282051282,
    0.9264823717948718,
    0.9246794871794872,
    0.9246794871794872,
    0.9240785256410257,
    0.9224759615384616,
    0.9248798076923077,
    0.9262820512820513
  ],
  "val_loss": [
    0.452360040800912,
    0.4369053644793374,
    0.4397180948938642,
    0.39747483560017177,
    0.4062371496643339,
    0.3833281623465674,
    0.38648204292569843,
    0.37381585793835775,
    0.35613137781620025,
    0.34805440178939273,
    0.38303571215697696,
    0.3281850393329348,
    0.3946796904717173,
    0.3706341375197683,
    0.35274605325290137,
    0.3470118435365813,
    0.3457527560847146,
    0.33305370828935077,
    0.32259008288383484,
    0.3040140909808023,
    0.37861722239426204,
    0.31289175344364983,
    0.3182519086769649,
    0.3194388225674629,
    0.2922580333692687,
    0.3121323166149003,
    0.302678293628352,
    0.2999357894062996,
    0.31607236777033126,
    0.3012932613492012,
    0.31926348379680086,
    0.30655250549316404,
    0.3268388162766184,
    0.30963583035128456,
    0.30241268702915736,
    0.30068556389638357,
    0.319198939204216,
    0.31675279438495635,
    0.30534627905913764,
    0.33480808734893797,
    0.3063806559358324,
    0.32882213039057595,
    0.3375975481101445,
    0.31407539056880135,
    0.3269691269312586,
    0.3091365399105208,
    0.3180145648973329,
    0.31436900943517687,
    0.3254991352558136,
    0.31661542036703655,
    0.32001049923045294,
    0.31977759237800324,
    0.3255647980741092,
    0.3208903363772801,
    0.3226154631802014,
    0.3252758449741772,
    0.3230124735406467,
    0.3228750712105206,
    0.3253722874181611,
    0.32816090072904314,
    0.32717856764793396,
    0.3274740008371217,
    0.3300578019448689,
    0.32544331337724414,
    0.3254552666630064
  ],
  "val_acc": [
    0.7911392405063291,
    0.8083182640144665,
    0.8037974683544303,
    0.8037974683544303,
    0.8065099457504521,
    0.8083182640144665,
    0.8155515370705244,
    0.8372513562386981,
    0.8309222423146474,
    0.8309222423146474,
    0.8001808318264014,
    0.8363471971066908,
    0.8435804701627486,
    0.8625678119349005,
    0.8399638336347197,
    0.8517179023508138,
    0.8309222423146474,
    0.849005424954792,
    0.8670886075949367,
    0.8571428571428571,
    0.8300180831826401,
    0.8652802893309223,
    0.8553345388788427,
    0.8544303797468354,
    0.8752260397830018,
    0.8634719710669078,
    0.8598553345388789,
    0.8743218806509946,
    0.8634719710669078,
    0.8670886075949367,
    0.864376130198915,
    0.8707052441229657,
    0.8580470162748643,
    0.8517179023508138,
    0.8688969258589512,
    0.8707052441229657,
    0.8625678119349005,
    0.8679927667269439,
    0.8761301989150091,
    0.8589511754068716,
    0.8716094032549728,
    0.8670886075949367,
    0.8688969258589512,
    0.8716094032549728,
    0.8652802893309223,
    0.8752260397830018,
    0.8716094032549728,
    0.8607594936708861,
    0.8688969258589512,
    0.8779385171790235,
    0.8761301989150091,
    0.8752260397830018,
    0.8752260397830018,
    0.8725135623869801,
    0.8770343580470162,
    0.8734177215189873,
    0.8761301989150091,
    0.8734177215189873,
    0.8752260397830018,
    0.8770343580470162,
    0.8725135623869801,
    0.8752260397830018,
    0.8761301989150091,
    0.8743218806509946,
    0.8743218806509946
  ],
  "val_precision": [
    0.7682119205298014,
    0.8018433179723502,
    0.7811816192560175,
    0.7375231053604436,
    0.75390625,
    0.7330960854092526,
    0.7481617647058824,
    0.7848837209302325,
    0.7682242990654206,
    0.7495652173913043,
    0.7017543859649122,
    0.776937618147448,
    0.8322295805739515,
    0.8642533936651584,
    0.7817836812144212,
    0.803921568627451,
    0.7682242990654206,
    0.805168986083499,
    0.8486140724946695,
    0.8211382113821138,
    0.7407407407407407,
    0.8619153674832962,
    0.8042635658914729,
    0.7903525046382189,
    0.8652173913043478,
    0.8030018761726079,
    0.7926605504587156,
    0.8633405639913232,
    0.8135922330097087,
    0.8316430020283976,
    0.8091603053435115,
    0.8384458077709611,
    0.8030592734225621,
    0.8063241106719368,
    0.8568329718004338,
    0.8455114822546973,
    0.8245967741935484,
    0.8402489626556017,
    0.860813704496788,
    0.806949806949807,
    0.8608695652173913,
    0.8531317494600432,
    0.8568329718004338,
    0.8516949152542372,
    0.8269617706237424,
    0.85,
    0.8387755102040816,
    0.8162055335968379,
    0.83640081799591,
    0.8553459119496856,
    0.8517745302713987,
    0.845679012345679,
    0.8514644351464435,
    0.8404907975460123,
    0.8535564853556485,
    0.8538135593220338,
    0.8532494758909853,
    0.8493723849372385,
    0.8529411764705882,
    0.8565400843881856,
    0.843298969072165,
    0.85,
    0.8562367864693446,
    0.8482328482328483,
    0.8482328482328483
  ],