{
  "train_loss": [
    0.5312418481096243,
    0.4862843724206472,
    0.4351661451734029,
    0.40236884412857205,
    0.3909888537839437,
    0.3731036461794224,
    0.37982718465037835,
    0.35624011028080416,
    0.3497232880729895,
    0.3379948151608308,
    0.34564523991101825,
    0.3299495955117238,
    0.3324569943480385,
    0.31202093163170874,
    0.31108733424200463,
    0.30185643999049294,
    0.29868280321646196,
    0.3010279936954761,
    0.29916265993737257,
    0.2853060849966147,
    0.2788243144272994,
    0.2654624110422073,
    0.27018685911137325,
    0.2758114050882749,
    0.27213985515901673,
    0.26939346278325105,
    0.2530784416370667,
    0.23864639526567397,
    0.23692120415851092,
    0.23246763522426286,
    0.24119404189957258,
    0.23158925640372893,
    0.22906370394122907,
    0.22403411853771943,
    0.23540983105508181,
    0.22837399815519652,
    0.22532519113081387,
    0.2248502608675223,
    0.208590248790689,
    0.1995000183247985,
    0.19957832507311535,
    0.1976289569806212,
    0.1931063909895527,
    0.1933863973722626,
    0.18263947644915718,
    0.1807819330252898,
    0.18060559946566057,
    0.17576635115517256,
    0.1732943077237369,
    0.1743384035399709,
    0.17330289527009696,
    0.16893435791373634,
    0.16946165168132538,
    0.16535291349133238,
    0.16706704774584907,
    0.165467012518396,
    0.15759749946972498,
    0.16157575672826704,
    0.15739887265058664,
    0.15774688427933517,
    0.15823590301741391
  ],
  "train_acc": [
    0.7419871794871795,
    0.7752403846153846,
    0.7950721153846154,
    0.8135016025641025,
    0.8064903846153846,
    0.8191105769230769,
    0.8243189102564102,
    0.828926282051282,
    0.8305288461538461,
    0.8413461538461539,
    0.8359375,
    0.8473557692307693,
    0.8505608974358975,
    0.8617788461538461,
    0.8619791666666666,
    0.8637820512820513,
    0.8693910256410257,
    0.8709935897435898,
    0.8667868589743589,
    0.8766025641025641,
    0.8760016025641025,
    0.8806089743589743,
    0.8800080128205128,
    0.8784054487179487,
    0.8784054487179487,
    0.8794070512820513,
    0.8894230769230769,
    0.8922275641025641,
    0.8918269230769231,
    0.8956330128205128,
    0.8942307692307693,
    0.8958333333333334,
    0.9016426282051282,
    0.8980368589743589,
    0.8926282051282052,
    0.8984375,
    0.9044471153846154,
    0.9010416666666666,
    0.9088541666666666,
    0.9142628205128205,
    0.9118589743589743,
    0.9134615384615384,
    0.914863782051282,
    0.9138621794871795,
    0.9184695512820513,
    0.9190705128205128,
    0.9202724358974359,
    0.9234775641025641,
    0.9236778846153846,
    0.9248798076923077,
    0.9246794871794872,
    0.9262820512820513,
    0.9284855769230769,
    0.9280849358974359,
    0.930488782051282,
    0.9260817307692307,
    0.9316907051282052,
    0.9290865384615384,
    0.9334935897435898,
    0.9308894230769231,
    0.9314903846153846
  ],
  "val_loss": [
    0.48350863201277594,
    0.4433902246611459,
    0.44465935954025815,
    0.3897909722157887,
    0.361419266462326,
    0.3674109646252223,
    0.4033166310616902,
    0.3447772949934006,
    0.3456359169312886,
    0.35221748032740186,
    0.36932265034743716,
    0.3582302395786558,
    0.3209567849125181,
    0.325533538205283,
    0.34688857602221623,
    0.33040316317762647,
    0.3284609274140426,
    0.31838504735912593,
    0.3168542157326426,
    0.2961551391652652,
    0.3239544723715101,
    0.3145581004875047,
    0.32171378795589717,
    0.2998729407787323,
    0.3324626535177231,
    0.3005624903099878,
    0.3028432452252933,
    0.29612564934151514,
    0.3018439805933407,
    0.30944332693304333,
    0.30568078820194516,
    0.28610706904104777,
    0.3257810803396361,
    0.31199961240802493,
    0.3008807569742203,
    0.2979472564799445,
    0.29004282525607517,
    0.30087966312255177,
    0.2978741909776415,
    0.31989133783749174,
    0.3150113651795047,
    0.319954175395625,
    0.2901241998587336,
    0.3062704507793699,
    0.29761266708374023,
    0.3063604589019503,
    0.3164709229554449,
    0.31212233092103686,
    0.3086802285696779,
    0.31614873920168196,
    0.3053530128938811,
    0.3022074170410633,
    0.31833198815584185,
    0.31500990369490217,
    0.33514115384646825,
    0.3277092812316758,
    0.32838874299611365,
    0.3317127825958388,
    0.334077054475035,
    0.32694750353693963,
    0.33982675575784277
  ],
  "val_acc": [
    0.7965641952983725,
    0.8074141048824593,
    0.794755877034358,
    0.8264014466546112,
    0.8128390596745028,
    0.8028933092224232,
    0.8227848101265823,
    0.8300180831826401,
    0.8245931283905967,
    0.840867992766727,
    0.8318264014466547,
    0.8037974683544303,
    0.864376130198915,
    0.8481012658227848,
    0.8318264014466547,
    0.8372513562386981,
    0.8752260397830018,
    0.8363471971066908,
    0.8788426763110307,
    0.8779385171790235,
    0.8589511754068716,
    0.8634719710669078,
    0.8698010849909584,
    0.8580470162748643,
    0.8381555153707052,
    0.8761301989150091,
    0.8806509945750453,
    0.8670886075949367,
    0.8526220614828209,
    0.8580470162748643,
    0.8842676311030742,
    0.8707052441229657,
    0.8688969258589512,
    0.8670886075949367,
    0.8770343580470162,
    0.8887884267631103,
    0.8833634719710669,
    0.8770343580470162,
    0.8878842676311031,
    0.8815551537070524,
    0.8833634719710669,
    0.8833634719710669,
    0.8770343580470162,
    0.8833634719710669,
    0.8896925858951176,
    0.8969258589511754,
    0.8860759493670886,
    0.8896925858951176,
    0.8860759493670886,
    0.8878842676311031,
    0.8887884267631103,
    0.8905967450271248,
    0.8842676311030742,
    0.8860759493670886,
    0.8851717902350814,
    0.8842676311030742,
    0.8869801084990958,
    0.8806509945750453,
    0.8779385171790235,
    0.8878842676311031,
    0.8869801084990958
  ],
  "val_precision": [
    0.8547008547008547,
    0.8,
    0.7225225225225225,
    0.782,
    0.7467652495378928,
    0.7184300341296929,
    0.7673076923076924,
    0.7508771929824561,
    0.7439024390243902,
    0.8386363636363636,
    0.7696629213483146,
    0.701095461658842,
    0.8306122448979592,
    0.798828125,
    0.7790697674418605,
    0.7588028169014085,
    0.9057971014492754,
    0.7538994800693241,
    0.8917050691244239,
    0.8509316770186336,
    0.8456521739130435,
    0.837160751565762,
    0.8618421052631579,
    0.7908256880733945,
    0.7583187390542907,
    0.8655097613882863,
    0.8433734939759037,
    0.8114285714285714,
    0.7961904761904762,
    0.7908256880733945,
    0.8619246861924686,
    0.8329979879275654,
    0.8434237995824635,
    0.8090737240075614,
    0.8463114754098361,
    0.8891352549889135,
    0.8807947019867549,
    0.8858447488584474,
    0.8755364806866953,
    0.867237687366167,
    0.8662420382165605,
    0.8807947019867549,
    0.8393574297188755,
    0.8616352201257862,
    0.8636363636363636,
    0.8734439834024896,
    0.8565573770491803,
    0.8591836734693877,
    0.8625,
    0.8755364806866953,
    0.8742004264392325,
    0.8669438669438669,
    0.8744588744588745,
    0.865546218487395,
    0.8683651804670913,
    0.8574380165289256,
    0.86892177589852,
    0.8547717842323651,
    0.8494845360824742,
    0.8771551724137931,
    0.8673684210526316
  ],